{
    "name": "root",
    "gauges": {
        "AgentX.Policy.Entropy.mean": {
            "value": 0.4549553096294403,
            "min": 0.4549553096294403,
            "max": 0.6393589973449707,
            "count": 5
        },
        "AgentX.Policy.Entropy.sum": {
            "value": 22769.603515625,
            "min": 13258.9248046875,
            "max": 31957.720703125,
            "count": 5
        },
        "AgentX.Environment.EpisodeLength.mean": {
            "value": 73.13717421124828,
            "min": 67.5244094488189,
            "max": 84.77029360967185,
            "count": 5
        },
        "AgentX.Environment.EpisodeLength.sum": {
            "value": 53317.0,
            "min": 19823.0,
            "max": 53317.0,
            "count": 5
        },
        "AgentX.Step.mean": {
            "value": 999998.0,
            "min": 799995.0,
            "max": 999998.0,
            "count": 5
        },
        "AgentX.Step.sum": {
            "value": 999998.0,
            "min": 799995.0,
            "max": 999998.0,
            "count": 5
        },
        "AgentX.Policy.ExtrinsicValueEstimate.mean": {
            "value": 15.510401725769043,
            "min": 13.230630874633789,
            "max": 15.718825340270996,
            "count": 5
        },
        "AgentX.Policy.ExtrinsicValueEstimate.sum": {
            "value": 17712.87890625,
            "min": 7529.3173828125,
            "max": 17712.87890625,
            "count": 5
        },
        "AgentX.Environment.CumulativeReward.mean": {
            "value": 33.25074522489146,
            "min": 32.708183127847214,
            "max": 37.35727817471117,
            "count": 5
        },
        "AgentX.Environment.CumulativeReward.sum": {
            "value": 24273.044014170766,
            "min": 10945.682505190372,
            "max": 24273.044014170766,
            "count": 5
        },
        "AgentX.Policy.ExtrinsicReward.mean": {
            "value": 33.25074522489146,
            "min": 32.708183127847214,
            "max": 37.35727817471117,
            "count": 5
        },
        "AgentX.Policy.ExtrinsicReward.sum": {
            "value": 24273.044014170766,
            "min": 10945.682505190372,
            "max": 24273.044014170766,
            "count": 5
        },
        "AgentX.Losses.PolicyLoss.mean": {
            "value": 0.021258823672930395,
            "min": 0.01986903005745262,
            "max": 0.023671396420104428,
            "count": 5
        },
        "AgentX.Losses.PolicyLoss.sum": {
            "value": 0.10629411836465198,
            "min": 0.03973806011490524,
            "max": 0.11512061524360132,
            "count": 5
        },
        "AgentX.Losses.ValueLoss.mean": {
            "value": 2.5941941467920935,
            "min": 2.490527139107386,
            "max": 8.497478659947713,
            "count": 5
        },
        "AgentX.Losses.ValueLoss.sum": {
            "value": 12.970970733960467,
            "min": 9.962108556429545,
            "max": 17.90575568874677,
            "count": 5
        },
        "AgentX.Policy.LearningRate.mean": {
            "value": 0.00029970796641734456,
            "min": 0.00029970796641734456,
            "max": 0.0002997619001293666,
            "count": 5
        },
        "AgentX.Policy.LearningRate.sum": {
            "value": 0.0014985398320867228,
            "min": 0.0005995238002587332,
            "max": 0.0014986939018353659,
            "count": 5
        },
        "AgentX.Policy.Epsilon.mean": {
            "value": 0.19990265544,
            "min": 0.19990265544,
            "max": 0.19992063334999993,
            "count": 5
        },
        "AgentX.Policy.Epsilon.sum": {
            "value": 0.9995132771999999,
            "min": 0.39984126669999986,
            "max": 0.9995646338000002,
            "count": 5
        },
        "AgentX.Policy.Beta.mean": {
            "value": 0.004995142506456,
            "min": 0.004995142506456,
            "max": 0.004996039604165,
            "count": 5
        },
        "AgentX.Policy.Beta.sum": {
            "value": 0.02497571253228,
            "min": 0.00999207920833,
            "max": 0.024978275226619998,
            "count": 5
        },
        "AgentX.IsTraining.mean": {
            "value": 1.0,
            "min": 1.0,
            "max": 1.0,
            "count": 5
        },
        "AgentX.IsTraining.sum": {
            "value": 1.0,
            "min": 1.0,
            "max": 1.0,
            "count": 5
        }
    },
    "metadata": {
        "timer_format_version": "0.1.0",
        "start_time_seconds": "1752565962",
        "python_version": "3.10.1 (tags/v3.10.1:2cd268a, Dec  6 2021, 19:10:37) [MSC v.1929 64 bit (AMD64)]",
        "command_line_arguments": "C:\\Users\\MehmetAli\\AppData\\Local\\Programs\\Python\\Python310\\Scripts\\mlagents-learn agentX.yaml --run-id=RunName_018 --resume",
        "mlagents_version": "1.1.0",
        "mlagents_envs_version": "1.1.0",
        "communication_protocol_version": "1.5.0",
        "pytorch_version": "2.5.1+cu121",
        "numpy_version": "1.23.5",
        "end_time_seconds": "1752568148"
    },
    "total": 2186.6007720000002,
    "count": 1,
    "self": 0.006079700000100274,
    "children": {
        "run_training.setup": {
            "total": 0.14601260000000593,
            "count": 1,
            "self": 0.14601260000000593
        },
        "TrainerController.start_learning": {
            "total": 2186.4486797,
            "count": 1,
            "self": 0.1831707000019378,
            "children": {
                "TrainerController._reset_env": {
                    "total": 14.221364499999993,
                    "count": 1,
                    "self": 14.221364499999993
                },
                "TrainerController.advance": {
                    "total": 2171.9395052999976,
                    "count": 6346,
                    "self": 0.1786606000100619,
                    "children": {
                        "env_step": {
                            "total": 2066.0249802999965,
                            "count": 6346,
                            "self": 2045.790605900002,
                            "children": {
                                "SubprocessEnvManager._take_step": {
                                    "total": 20.09062479998545,
                                    "count": 6346,
                                    "self": 0.4447866999921075,
                                    "children": {
                                        "TorchPolicy.evaluate": {
                                            "total": 19.64583809999334,
                                            "count": 3905,
                                            "self": 19.64583809999334
                                        }
                                    }
                                },
                                "workers": {
                                    "total": 0.14374960000895953,
                                    "count": 6345,
                                    "self": 0.0,
                                    "children": {
                                        "worker_root": {
                                            "total": 2173.56356000001,
                                            "count": 6345,
                                            "is_parallel": true,
                                            "self": 158.99809760001403,
                                            "children": {
                                                "steps_from_proto": {
                                                    "total": 0.0767471999999998,
                                                    "count": 1,
                                                    "is_parallel": true,
                                                    "self": 0.000751100000002225,