{
    "name": "root",
    "gauges": {
        "AgentX.Policy.Entropy.mean": {
            "value": 0.11402922123670578,
            "min": 0.11402922123670578,
            "max": 2.1737382411956787,
            "count": 28
        },
        "AgentX.Policy.Entropy.sum": {
            "value": 5758.01953125,
            "min": 5758.01953125,
            "max": 113521.3046875,
            "count": 28
        },
        "AgentX.Step.mean": {
            "value": 1399999.0,
            "min": 49988.0,
            "max": 1399999.0,
            "count": 28
        },
        "AgentX.Step.sum": {
            "value": 1399999.0,
            "min": 49988.0,
            "max": 1399999.0,
            "count": 28
        },
        "AgentX.Policy.ExtrinsicValueEstimate.mean": {
            "value": 16.218957901000977,
            "min": -2.041316509246826,
            "max": 16.218957901000977,
            "count": 28
        },
        "AgentX.Policy.ExtrinsicValueEstimate.sum": {
            "value": 18538.26953125,
            "min": -1626.92919921875,
            "max": 18605.56640625,
            "count": 28
        },
        "AgentX.Environment.EpisodeLength.mean": {
            "value": 60.59975520195839,
            "min": 60.59975520195839,
            "max": 1383.3235294117646,
            "count": 28
        },
        "AgentX.Environment.EpisodeLength.sum": {
            "value": 49510.0,
            "min": 26502.0,
            "max": 59830.0,
            "count": 28
        },
        "AgentX.Environment.CumulativeReward.mean": {
            "value": 30.86597605670492,
            "min": -21.848440994899118,
            "max": 30.976826758863407,
            "count": 28
        },
        "AgentX.Environment.CumulativeReward.sum": {
            "value": 25186.636462271214,
            "min": -1354.6033416837454,
            "max": 25186.636462271214,
            "count": 28
        },
        "AgentX.Policy.ExtrinsicReward.mean": {
            "value": 30.86597605670492,
            "min": -21.848440994899118,
            "max": 30.976826758863407,
            "count": 28
        },
        "AgentX.Policy.ExtrinsicReward.sum": {
            "value": 25186.636462271214,
            "min": -1354.6033416837454,
            "max": 25186.636462271214,
            "count": 28
        },
        "AgentX.Losses.PolicyLoss.mean": {
            "value": 0.02442073901494344,
            "min": 0.021099022477089117,
            "max": 0.028015645869697136,
            "count": 28
        },
        "AgentX.Losses.PolicyLoss.sum": {
            "value": 0.1221036950747172,
            "min": 0.08439608990835647,
            "max": 0.14007822934848568,
            "count": 28
        },
        "AgentX.Losses.ValueLoss.mean": {
            "value": 0.4047219942013423,
            "min": 0.1564819793527325,
            "max": 3.8398824564615888,
            "count": 28
        },
        "AgentX.Losses.ValueLoss.sum": {
            "value": 2.0236099710067115,
            "min": 0.62592791741093,
            "max": 19.199412282307943,
            "count": 28
        },
        "AgentX.Policy.LearningRate.mean": {
            "value": 0.00029958717193760925,
            "min": 0.00029958717193760925,
            "max": 0.00029999111047796314,
            "count": 28
        },
        "AgentX.Policy.LearningRate.sum": {
            "value": 0.0014979358596880464,
            "min": 0.0011985892657702447,
            "max": 0.001499883326738891,
            "count": 28
        },
        "AgentX.Policy.Epsilon.mean": {
            "value": 0.1998623906,
            "min": 0.1998623906,
            "max": 0.19999703682500003,
            "count": 28
        },
        "AgentX.Policy.Epsilon.sum": {
            "value": 0.999311953,
            "min": 0.7995297551,
            "max": 0.9999611089000001,
            "count": 28
        },
        "AgentX.Policy.Beta.mean": {
            "value": 0.004993133290940001,
            "min": 0.004993133290940001,
            "max": 0.0049998521375675,
            "count": 28
        },
        "AgentX.Policy.Beta.sum": {
            "value": 0.024965666454700004,
            "min": 0.019976534779489998,
            "max": 0.024998059334110003,
            "count": 28
        },
        "AgentX.IsTraining.mean": {
            "value": 1.0,
            "min": 1.0,
            "max": 1.0,
            "count": 28
        },
        "AgentX.IsTraining.sum": {
            "value": 1.0,
            "min": 1.0,
            "max": 1.0,
            "count": 28
        }
    },
    "metadata": {
        "timer_format_version": "0.1.0",
        "start_time_seconds": "1751887605",
        "python_version": "3.10.1 (tags/v3.10.1:2cd268a, Dec  6 2021, 19:10:37) [MSC v.1929 64 bit (AMD64)]",
        "command_line_arguments": "C:\\Users\\MehmetAli\\AppData\\Local\\Programs\\Python\\Python310\\Scripts\\mlagents-learn agentX.yaml --run-id=RunName_016",
        "mlagents_version": "1.1.0",
        "mlagents_envs_version": "1.1.0",
        "communication_protocol_version": "1.5.0",
        "pytorch_version": "2.5.1+cu121",
        "numpy_version": "1.23.5",
        "end_time_seconds": "1751891545"
    },
    "total": 3939.9593965000004,
    "count": 1,
    "self": 0.004921400000057474,
    "children": {
        "run_training.setup": {
            "total": 0.0767163000000437,
            "count": 1,
            "self": 0.0767163000000437
        },
        "TrainerController.start_learning": {
            "total": 3939.8777588000003,
            "count": 1,
            "self": 0.7939542000185611,
            "children": {
                "TrainerController._reset_env": {
                    "total": 10.4089113,
                    "count": 1,
                    "self": 10.4089113
                },
                "TrainerController.advance": {
                    "total": 3928.547529099984,
                    "count": 28892,
                    "self": 0.7236975999530841,
                    "children": {
                        "env_step": {
                            "total": 3414.778239400006,
                            "count": 28892,
                            "self": 3275.8145875999435,
                            "children": {
                                "SubprocessEnvManager._take_step": {
                                    "total": 138.35456639997392,
                                    "count": 28892,
                                    "self": 2.286629299879678,
                                    "children": {
                                        "TorchPolicy.evaluate": {
                                            "total": 136.06793710009424,
                                            "count": 21919,
                                            "self": 136.06793710009424
                                        }
                                    }
                                },
                                "workers": {
                                    "total": 0.6090854000885884,
                                    "count": 28891,
                                    "self": 0.0,
                                    "children": {
                                        "worker_root": {
                                            "total": 3930.1313433999467,
                                            "count": 28891,
                                            "is_parallel": true,
                                            "self": 735.4676833000794,
                                            "children": {
                                                "steps_from_proto": {
                                                    "total": 0.03130539999983739,
                                                    "count": 1,
                                                    "is_parallel": true,
                                                    "self": 0.00030530000185535755,