{
    "name": "root",
    "gauges": {
        "AgentX.Policy.Entropy.mean": {
            "value": 0.5238728523254395,
            "min": 0.5238728523254395,
            "max": 1.3678357601165771,
            "count": 23
        },
        "AgentX.Policy.Entropy.sum": {
            "value": 26285.845703125,
            "min": 26285.845703125,
            "max": 71346.3125,
            "count": 23
        },
        "AgentX.Environment.EpisodeLength.mean": {
            "value": 813.7205882352941,
            "min": 131.38805970149255,
            "max": 988.2,
            "count": 23
        },
        "AgentX.Environment.EpisodeLength.sum": {
            "value": 55333.0,
            "min": 26409.0,
            "max": 60421.0,
            "count": 23
        },
        "AgentX.Step.mean": {
            "value": 1149985.0,
            "min": 49970.0,
            "max": 1149985.0,
            "count": 23
        },
        "AgentX.Step.sum": {
            "value": 1149985.0,
            "min": 49970.0,
            "max": 1149985.0,
            "count": 23
        },
        "AgentX.Policy.ExtrinsicValueEstimate.mean": {
            "value": -0.5294314026832581,
            "min": -2.7486722469329834,
            "max": 0.04060046747326851,
            "count": 23
        },
        "AgentX.Policy.ExtrinsicValueEstimate.sum": {
            "value": -427.78057861328125,
            "min": -2220.92724609375,
            "max": 32.926979064941406,
            "count": 23
        },
        "AgentX.Environment.CumulativeReward.mean": {
            "value": 6.987037134302013,
            "min": -17.07212327887763,
            "max": 13.63567607895686,
            "count": 23
        },
        "AgentX.Environment.CumulativeReward.sum": {
            "value": 475.1185251325369,
            "min": -3431.4967790544033,
            "max": 886.318945132196,
            "count": 23
        },
        "AgentX.Policy.ExtrinsicReward.mean": {
            "value": 6.987037134302013,
            "min": -17.07212327887763,
            "max": 13.63567607895686,
            "count": 23
        },
        "AgentX.Policy.ExtrinsicReward.sum": {
            "value": 475.1185251325369,
            "min": -3431.4967790544033,
            "max": 886.318945132196,
            "count": 23
        },
        "AgentX.Losses.PolicyLoss.mean": {
            "value": 0.021780031612142918,
            "min": 0.021272671247522038,
            "max": 0.027121336075166858,
            "count": 23
        },
        "AgentX.Losses.PolicyLoss.sum": {
            "value": 0.1089001580607146,
            "min": 0.08559868855712315,
            "max": 0.1356066803758343,
            "count": 23
        },
        "AgentX.Losses.ValueLoss.mean": {
            "value": 0.3065917635336518,
            "min": 0.09454289001102248,
            "max": 10.859863833586376,
            "count": 23
        },
        "AgentX.Losses.ValueLoss.sum": {
            "value": 1.5329588176682591,
            "min": 0.47271445005511237,
            "max": 43.4394553343455,
            "count": 23
        },
        "AgentX.Policy.LearningRate.mean": {
            "value": 0.0002996627288924237,
            "min": 0.0002996627288924237,
            "max": 0.0002999920968026344,
            "count": 23
        },
        "AgentX.Policy.LearningRate.sum": {
            "value": 0.0014983136444621185,
            "min": 0.0011988303591898802,
            "max": 0.0014998910589363135,
            "count": 23
        },
        "AgentX.Policy.Epsilon.mean": {
            "value": 0.19988757626000003,
            "min": 0.19988757626000003,
            "max": 0.19999736559999998,
            "count": 23
        },
        "AgentX.Policy.Epsilon.sum": {
            "value": 0.9994378813000002,
            "min": 0.7996101196000001,
            "max": 0.9999636863000002,
            "count": 23
        },
        "AgentX.Policy.Beta.mean": {
            "value": 0.004994390055374001,
            "min": 0.004994390055374001,
            "max": 0.00499986854344,
            "count": 23
        },
        "AgentX.Policy.Beta.sum": {
            "value": 0.024971950276870006,
            "min": 0.019980544968040005,
            "max": 0.024998187946369994,
            "count": 23
        },
        "AgentX.IsTraining.mean": {
            "value": 1.0,
            "min": 1.0,
            "max": 1.0,
            "count": 23
        },
        "AgentX.IsTraining.sum": {
            "value": 1.0,
            "min": 1.0,
            "max": 1.0,
            "count": 23
        }
    },
    "metadata": {
        "timer_format_version": "0.1.0",
        "start_time_seconds": "1750673230",
        "python_version": "3.10.1 (tags/v3.10.1:2cd268a, Dec  6 2021, 19:10:37) [MSC v.1929 64 bit (AMD64)]",
        "command_line_arguments": "C:\\Users\\MehmetAli\\AppData\\Local\\Programs\\Python\\Python310\\Scripts\\mlagents-learn agentX.yaml --run-id=RunName_011",
        "mlagents_version": "1.1.0",
        "mlagents_envs_version": "1.1.0",
        "communication_protocol_version": "1.5.0",
        "pytorch_version": "2.5.1+cu121",
        "numpy_version": "1.23.5",
        "end_time_seconds": "1750676457"
    },
    "total": 3227.0741239999998,
    "count": 1,
    "self": 0.005213200000071083,
    "children": {
        "run_training.setup": {
            "total": 0.12287179999998443,
            "count": 1,
            "self": 0.12287179999998443
        },
        "TrainerController.start_learning": {
            "total": 3226.9460389999995,
            "count": 1,
            "self": 0.5665733000259934,
            "children": {
                "TrainerController._reset_env": {
                    "total": 10.124254599999972,
                    "count": 1,
                    "self": 10.124254599999972
                },
                "TrainerController.advance": {
                    "total": 3216.1455296999734,
                    "count": 19309,
                    "self": 0.5901096999973561,
                    "children": {
                        "env_step": {
                            "total": 2821.4646185999886,
                            "count": 19309,
                            "self": 2731.908725600014,
                            "children": {
                                "SubprocessEnvManager._take_step": {
                                    "total": 89.13621729997499,
                                    "count": 19309,
                                    "self": 1.926252299976909,
                                    "children": {
                                        "TorchPolicy.evaluate": {
                                            "total": 87.20996499999808,
                                            "count": 18101,
                                            "self": 87.20996499999808
                                        }
                                    }
                                },
                                "workers": {
                                    "total": 0.4196756999995159,
                                    "count": 19308,
                                    "self": 0.0,
                                    "children": {
                                        "worker_root": {
                                            "total": 3218.4068978000096,
                                            "count": 19308,
                                            "is_parallel": true,
                                            "self": 550.610525900006,
                                            "children": {
                                                "steps_from_proto": {
                                                    "total": 0.07183899999995447,
                                                    "count": 1,
                                                    "is_parallel": true,
                                                    "self": 0.0006091999999853215,