{
    "name": "root",
    "gauges": {
        "AgentX.Policy.Entropy.mean": {
            "value": 0.3144223093986511,
            "min": 0.3144223093986511,
            "max": 1.369338035583496,
            "count": 20
        },
        "AgentX.Policy.Entropy.sum": {
            "value": 15736.2080078125,
            "min": 15736.2080078125,
            "max": 71512.3125,
            "count": 20
        },
        "AgentX.Environment.EpisodeLength.mean": {
            "value": 47.817005545286506,
            "min": 45.37817497648165,
            "max": 849.1333333333333,
            "count": 20
        },
        "AgentX.Environment.EpisodeLength.sum": {
            "value": 51738.0,
            "min": 29337.0,
            "max": 68540.0,
            "count": 20
        },
        "AgentX.Step.mean": {
            "value": 999980.0,
            "min": 49973.0,
            "max": 999980.0,
            "count": 20
        },
        "AgentX.Step.sum": {
            "value": 999980.0,
            "min": 49973.0,
            "max": 999980.0,
            "count": 20
        },
        "AgentX.Policy.ExtrinsicValueEstimate.mean": {
            "value": 18.813358306884766,
            "min": -2.7612643241882324,
            "max": 18.813358306884766,
            "count": 20
        },
        "AgentX.Policy.ExtrinsicValueEstimate.sum": {
            "value": 23968.21875,
            "min": -2228.731201171875,
            "max": 23968.21875,
            "count": 20
        },
        "AgentX.Environment.CumulativeReward.mean": {
            "value": 37.1084591760653,
            "min": -15.407393242304142,
            "max": 37.1084591760653,
            "count": 20
        },
        "AgentX.Environment.CumulativeReward.sum": {
            "value": 40151.352828502655,
            "min": -4005.922242999077,
            "max": 40151.352828502655,
            "count": 20
        },
        "AgentX.Policy.ExtrinsicReward.mean": {
            "value": 37.1084591760653,
            "min": -15.407393242304142,
            "max": 37.1084591760653,
            "count": 20
        },
        "AgentX.Policy.ExtrinsicReward.sum": {
            "value": 40151.352828502655,
            "min": -4005.922242999077,
            "max": 40151.352828502655,
            "count": 20
        },
        "AgentX.Losses.PolicyLoss.mean": {
            "value": 0.024011585225040717,
            "min": 0.021873464776823913,
            "max": 0.02635986423896005,
            "count": 20
        },
        "AgentX.Losses.PolicyLoss.sum": {
            "value": 0.12005792612520358,
            "min": 0.09384240681150308,
            "max": 0.1307576464333882,
            "count": 20
        },
        "AgentX.Losses.ValueLoss.mean": {
            "value": 1.3428587261835734,
            "min": 0.5260828556617101,
            "max": 12.268189098437627,
            "count": 20
        },
        "AgentX.Losses.ValueLoss.sum": {
            "value": 6.714293630917867,
            "min": 2.6304142783085505,
            "max": 56.51601532300313,
            "count": 20
        },
        "AgentX.Policy.LearningRate.mean": {
            "value": 0.00029970670029776656,
            "min": 0.00029970670029776656,
            "max": 0.0002999920815776394,
            "count": 20
        },
        "AgentX.Policy.LearningRate.sum": {
            "value": 0.001498533501488833,
            "min": 0.0011991904106698629,
            "max": 0.001499890947036351,
            "count": 20
        },
        "AgentX.Policy.Epsilon.mean": {
            "value": 0.19990223340000002,
            "min": 0.19990223340000002,
            "max": 0.19999736052500003,
            "count": 20
        },
        "AgentX.Policy.Epsilon.sum": {
            "value": 0.9995111670000001,
            "min": 0.7997301368,
            "max": 0.999963649,
            "count": 20
        },
        "AgentX.Policy.Beta.mean": {
            "value": 0.00499512144666,
            "min": 0.00499512144666,
            "max": 0.004999868290197501,
            "count": 20
        },
        "AgentX.Policy.Beta.sum": {
            "value": 0.024975607233299998,
            "min": 0.01998653382632,
            "max": 0.0249981860851,
            "count": 20
        },
        "AgentX.IsTraining.mean": {
            "value": 1.0,
            "min": 1.0,
            "max": 1.0,
            "count": 20
        },
        "AgentX.IsTraining.sum": {
            "value": 1.0,
            "min": 1.0,
            "max": 1.0,
            "count": 20
        }
    },
    "metadata": {
        "timer_format_version": "0.1.0",
        "start_time_seconds": "1750430078",
        "python_version": "3.10.1 (tags/v3.10.1:2cd268a, Dec  6 2021, 19:10:37) [MSC v.1929 64 bit (AMD64)]",
        "command_line_arguments": "C:\\Users\\MehmetAli\\AppData\\Local\\Programs\\Python\\Python310\\Scripts\\mlagents-learn agentX.yaml --run-id=RunName_010",
        "mlagents_version": "1.1.0",
        "mlagents_envs_version": "1.1.0",
        "communication_protocol_version": "1.5.0",
        "pytorch_version": "2.5.1+cu121",
        "numpy_version": "1.23.5",
        "end_time_seconds": "1750432896"
    },
    "total": 2813.2860858999993,
    "count": 1,
    "self": 0.006297400002949871,
    "children": {
        "run_training.setup": {
            "total": 0.07493629999953555,
            "count": 1,
            "self": 0.07493629999953555
        },
        "TrainerController.start_learning": {
            "total": 2813.204852199997,
            "count": 1,
            "self": 0.5742517003091052,
            "children": {
                "TrainerController._reset_env": {
                    "total": 8.534117299997888,
                    "count": 1,
                    "self": 8.534117299997888
                },
                "TrainerController.advance": {
                    "total": 2803.9954667996863,
                    "count": 25435,
                    "self": 0.5261736995998945,
                    "children": {
                        "env_step": {
                            "total": 2429.508124700231,
                            "count": 25435,
                            "self": 2352.9193816000843,
                            "children": {
                                "SubprocessEnvManager._take_step": {
                                    "total": 76.00755359994218,
                                    "count": 25435,
                                    "self": 1.3513090001433739,
                                    "children": {
                                        "TorchPolicy.evaluate": {
                                            "total": 74.65624459979881,
                                            "count": 15941,
                                            "self": 74.65624459979881
                                        }
                                    }
                                },
                                "workers": {
                                    "total": 0.5811895002043457,
                                    "count": 25435,
                                    "self": 0.0,
                                    "children": {
                                        "worker_root": {
                                            "total": 2804.2826393996147,
                                            "count": 25435,
                                            "is_parallel": true,
                                            "self": 506.22609569994165,
                                            "children": {
                                                "steps_from_proto": {
                                                    "total": 0.026681200000894023,
                                                    "count": 1,
                                                    "is_parallel": true,
                                                    "self": 0.000298700004350394,