{
    "name": "root",
    "gauges": {
        "AgentX.Policy.Entropy.mean": {
            "value": 0.8771858215332031,
            "min": 0.8597584366798401,
            "max": 1.3683606386184692,
            "count": 20
        },
        "AgentX.Policy.Entropy.sum": {
            "value": 44238.234375,
            "min": 42699.04296875,
            "max": 70848.2421875,
            "count": 20
        },
        "AgentX.Environment.EpisodeLength.mean": {
            "value": 1388.7058823529412,
            "min": 134.23346303501947,
            "max": 1887.698113207547,
            "count": 20
        },
        "AgentX.Environment.EpisodeLength.sum": {
            "value": 47216.0,
            "min": 6993.0,
            "max": 104746.0,
            "count": 20
        },
        "AgentX.Step.mean": {
            "value": 999974.0,
            "min": 49987.0,
            "max": 999974.0,
            "count": 20
        },
        "AgentX.Step.sum": {
            "value": 999974.0,
            "min": 49987.0,
            "max": 999974.0,
            "count": 20
        },
        "AgentX.Policy.ExtrinsicValueEstimate.mean": {
            "value": -0.22469952702522278,
            "min": -2.7100279331207275,
            "max": -0.1566435992717743,
            "count": 20
        },
        "AgentX.Policy.ExtrinsicValueEstimate.sum": {
            "value": -180.20901489257812,
            "min": -2151.76220703125,
            "max": -126.25474548339844,
            "count": 20
        },
        "AgentX.Environment.CumulativeReward.mean": {
            "value": 7.392974849132931,
            "min": -13.263929696630411,
            "max": 16.384488562071645,
            "count": 20
        },
        "AgentX.Environment.CumulativeReward.sum": {
            "value": 251.36114487051964,
            "min": -3408.8299320340157,
            "max": 754.7077807188034,
            "count": 20
        },
        "AgentX.Policy.ExtrinsicReward.mean": {
            "value": 7.392974849132931,
            "min": -13.263929696630411,
            "max": 16.384488562071645,
            "count": 20
        },
        "AgentX.Policy.ExtrinsicReward.sum": {
            "value": 251.36114487051964,
            "min": -3408.8299320340157,
            "max": 754.7077807188034,
            "count": 20
        },
        "AgentX.Losses.PolicyLoss.mean": {
            "value": 0.02149532617962298,
            "min": 0.020855179683615766,
            "max": 0.025362399769946937,
            "count": 20
        },
        "AgentX.Losses.PolicyLoss.sum": {
            "value": 0.08598130471849191,
            "min": 0.08598130471849191,
            "max": 0.12681199884973468,
            "count": 20
        },
        "AgentX.Losses.ValueLoss.mean": {
            "value": 0.9570346978182594,
            "min": 0.14931369150678314,
            "max": 12.854809435208638,
            "count": 20
        },
        "AgentX.Losses.ValueLoss.sum": {
            "value": 3.828138791273038,
            "min": 0.7465684575339158,
            "max": 51.419237740834554,
            "count": 20
        },
        "AgentX.Policy.LearningRate.mean": {
            "value": 0.00029970750474749843,
            "min": 0.00029970750474749843,
            "max": 0.0002999920098026633,
            "count": 20
        },
        "AgentX.Policy.LearningRate.sum": {
            "value": 0.0011988300189899937,
            "min": 0.0011988300189899937,
            "max": 0.0014998903509365496,
            "count": 20
        },
        "AgentX.Policy.Epsilon.mean": {
            "value": 0.19990250155000006,
            "min": 0.19990250155000006,
            "max": 0.19999733660000002,
            "count": 20
        },
        "AgentX.Policy.Epsilon.sum": {
            "value": 0.7996100062000002,
            "min": 0.7996100062000002,
            "max": 0.9999634503,
            "count": 20
        },
        "AgentX.Policy.Beta.mean": {
            "value": 0.004995134827345,
            "min": 0.004995134827345,
            "max": 0.004999867096339998,
            "count": 20
        },
        "AgentX.Policy.Beta.sum": {
            "value": 0.01998053930938,
            "min": 0.01998053930938,
            "max": 0.024998176169969997,
            "count": 20
        },
        "AgentX.IsTraining.mean": {
            "value": 1.0,
            "min": 1.0,
            "max": 1.0,
            "count": 20
        },
        "AgentX.IsTraining.sum": {
            "value": 1.0,
            "min": 1.0,
            "max": 1.0,
            "count": 20
        }
    },
    "metadata": {
        "timer_format_version": "0.1.0",
        "start_time_seconds": "1750679443",
        "python_version": "3.10.1 (tags/v3.10.1:2cd268a, Dec  6 2021, 19:10:37) [MSC v.1929 64 bit (AMD64)]",
        "command_line_arguments": "C:\\Users\\MehmetAli\\AppData\\Local\\Programs\\Python\\Python310\\Scripts\\mlagents-learn agentX.yaml --run-id=RunName_013",
        "mlagents_version": "1.1.0",
        "mlagents_envs_version": "1.1.0",
        "communication_protocol_version": "1.5.0",
        "pytorch_version": "2.5.1+cu121",
        "numpy_version": "1.23.5",
        "end_time_seconds": "1750682259"
    },
    "total": 2815.6765889999997,
    "count": 1,
    "self": 0.005915199999435572,
    "children": {
        "run_training.setup": {
            "total": 0.07091810000019905,
            "count": 1,
            "self": 0.07091810000019905
        },
        "TrainerController.start_learning": {
            "total": 2815.5997557,
            "count": 1,
            "self": 0.4700580000235277,
            "children": {
                "TrainerController._reset_env": {
                    "total": 9.540789499999846,
                    "count": 1,
                    "self": 9.540789499999846
                },
                "TrainerController.advance": {
                    "total": 2805.4804119999744,
                    "count": 16497,
                    "self": 0.5003082001612711,
                    "children": {
                        "env_step": {
                            "total": 2486.500190099867,
                            "count": 16497,
                            "self": 2413.9625446001355,
                            "children": {
                                "SubprocessEnvManager._take_step": {
                                    "total": 72.17881989987472,
                                    "count": 16497,
                                    "self": 1.6387837998045143,
                                    "children": {
                                        "TorchPolicy.evaluate": {
                                            "total": 70.54003610007021,
                                            "count": 15873,
                                            "self": 70.54003610007021
                                        }
                                    }
                                },
                                "workers": {
                                    "total": 0.3588255998565728,
                                    "count": 16496,
                                    "self": 0.0,
                                    "children": {
                                        "worker_root": {
                                            "total": 2806.523548499922,
                                            "count": 16496,
                                            "is_parallel": true,
                                            "self": 449.9561038998536,
                                            "children": {
                                                "steps_from_proto": {
                                                    "total": 0.02509730000019772,
                                                    "count": 1,
                                                    "is_parallel": true,
                                                    "self": 0.0002978000002258341,