{"count":1,"self":151.29847039999999,"total":154.2108687,"children":{"InitializeActuators":{"count":44,"self":0.0025699,"total":0.0025699,"children":null},"InitializeSensors":{"count":44,"self":0.0056113,"total":0.0056113,"children":null},"AgentSendState":{"count":18721,"self":0.719028,"total":0.82014369999999992,"children":{"CollectObservations":{"count":3549,"self":0.039691199999999996,"total":0.039691199999999996,"children":null},"WriteActionMask":{"count":3549,"self":0.017314799999999998,"total":0.017314799999999998,"children":null},"RequestDecision":{"count":3549,"self":0.044109699999999995,"total":0.044109699999999995,"children":null}}},"DecideAction":{"count":18721,"self":1.4266771999999999,"total":1.8488026,"children":{"RayPerceptionSensor.Perceive":{"count":3549,"self":0.4221254,"total":0.4221254,"children":null}}},"AgentAct":{"count":18721,"self":0.23427579999999998,"total":0.23427579999999998,"children":null}},"gauges":{},"metadata":{"timer_format_version":"0.1.0","start_time_seconds":"1766835787","unity_version":"6000.0.34f1","command_line_arguments":"C:\\Program Files\\Unity\\Hub\\Editor\\6000.0.34f1\\Editor\\Unity.exe -projectpath C:\\Users\\MehmetAli\\Desktop\\Unity\\ML-Agents -acceptSoftwareTermsForThisRunOnly -useHub -hubIPC -cloudEnvironment production","communication_protocol_version":"1.5.0","com.unity.ml-agents_version":"3.0.0","scene_name":"Game","end_time_seconds":"1766835942"}}