{"count":1,"self":884.28922879999993,"total":4235.353712,"children":{"InitializeActuators":{"count":64,"self":0.0015172999999999999,"total":0.0015172999999999999,"children":null},"InitializeSensors":{"count":64,"self":0.060216099999999995,"total":0.060216099999999995,"children":null},"AgentSendState":{"count":39401,"self":7.0311432,"total":1818.059961,"children":{"GridSensor.Update":{"count":504384,"self":1699.210752,"total":1699.2107211,"children":null},"CollectObservations":{"count":504384,"self":3.5436815999999998,"total":3.5436813999999996,"children":null},"WriteActionMask":{"count":504384,"self":0.71219159999999992,"total":0.71219159999999992,"children":null},"RequestDecision":{"count":504384,"self":3.4277599999999997,"total":107.5622238,"children":{"AgentInfo.ToProto":{"count":504384,"self":3.1092779999999998,"total":104.13446379999999,"children":{"GenerateSensorData":{"count":504384,"self":13.0571416,"total":101.0251857,"children":{"GridSensor.GetCompressedObservation":{"count":504384,"self":87.9680448,"total":87.9680443,"children":null}}}}}}}}},"DecideAction":{"count":39401,"self":1525.2182016,"total":1525.218222,"children":null},"AgentAct":{"count":39401,"self":6.5292568,"total":7.6305118,"children":{"GridSensor.Update":{"count":313,"self":1.0246013999999999,"total":1.0246013999999999,"children":null},"AgentInfo.ToProto":{"count":313,"self":0.000512,"total":0.076653699999999991,"children":{"GenerateSensorData":{"count":313,"self":0.010196199999999999,"total":0.076141699999999993,"children":{"GridSensor.GetCompressedObservation":{"count":313,"self":0.06594549999999999,"total":0.06594549999999999,"children":null}}}}}}},"GridSensor.Update":{"count":24,"self":0.0874263,"total":0.0874263,"children":null},"AgentInfo.ToProto":{"count":24,"self":0,"total":0.0055892,"children":{"GenerateSensorData":{"count":24,"self":0.0005091,"total":0.0055892,"children":{"GridSensor.GetCompressedObservation":{"count":24,"self":0.0050801,"total":0.0050801,"children":null}}}}}},"gauges":{"AgentX.CumulativeReward":{"count":337,"max":-0.231547683,"min":-15.0383654,"runningAverage":-1.08237827,"value":-0.3439415,"weightedAverage":-2.469981}},"metadata":{"timer_format_version":"0.1.0","start_time_seconds":"1752675296","unity_version":"6000.0.34f1","command_line_arguments":"C:\\Program Files\\Unity\\Hub\\Editor\\6000.0.34f1\\Editor\\Unity.exe -projectpath C:\\Users\\MehmetAli\\Desktop\\Unity\\ML-Agents -useHub -hubIPC -cloudEnvironment production","communication_protocol_version":"1.5.0","com.unity.ml-agents_version":"3.0.0","scene_name":"SampleScene","end_time_seconds":"1752679531"}}