{"count":1,"self":1966.6538495999998,"total":8320.9031143,"children":{"InitializeActuators":{"count":16,"self":0.0010136,"total":0.0010136,"children":null},"InitializeSensors":{"count":16,"self":0.0091373,"total":0.0091373,"children":null},"AgentSendState":{"count":463651,"self":86.2454336,"total":1430.0119825,"children":{"GridSensor.Update":{"count":1483696,"self":1242.2109183999999,"total":1242.2108902999998,"children":null},"CollectObservations":{"count":1483696,"self":2.6873959999999997,"total":2.6873959999999997,"children":null},"WriteActionMask":{"count":1483696,"self":0.6234314,"total":0.6234314,"children":null},"RequestDecision":{"count":1483696,"self":3.8268644,"total":98.2448333,"children":{"AgentInfo.ToProto":{"count":1483696,"self":2.9026644,"total":94.417968899999991,"children":{"GenerateSensorData":{"count":1483696,"self":19.6151616,"total":91.5153046,"children":{"GridSensor.GetCompressedObservation":{"count":1483696,"self":65.8429568,"total":65.8429596,"children":null},"RayPerceptionSensor.Perceive":{"count":1483696,"self":6.0571836,"total":6.0571835,"children":null}}}}}}}}},"DecideAction":{"count":463651,"self":4909.7240575999995,"total":4909.724043,"children":null},"AgentAct":{"count":463651,"self":12.24174,"total":13.351481099999999,"children":{"GridSensor.Update":{"count":1096,"self":0.9503764,"total":0.9503764,"children":null},"AgentInfo.ToProto":{"count":1096,"self":0.0088735,"total":0.1593645,"children":{"GenerateSensorData":{"count":1096,"self":0.028915999999999997,"total":0.15049099999999999,"children":{"GridSensor.GetCompressedObservation":{"count":1096,"self":0.11596999999999999,"total":0.11596999999999999,"children":null},"RayPerceptionSensor.Perceive":{"count":1096,"self":0.005605,"total":0.005605,"children":null}}}}}}},"GridSensor.Update":{"count":886,"self":1.0390651,"total":1.0390651,"children":null},"AgentInfo.ToProto":{"count":886,"self":0.0050617,"total":0.11196919999999999,"children":{"GenerateSensorData":{"count":886,"self":0.019215,"total":0.10690749999999999,"children":{"GridSensor.GetCompressedObservation":{"count":886,"self":0.0825471,"total":0.0825471,"children":null},"RayPerceptionSensor.Perceive":{"count":886,"self":0.0051454,"total":0.0051454,"children":null}}}}}},"gauges":{"PathfinderAgent.CumulativeReward":{"count":1982,"max":2.50000262,"min":-3.800137,"runningAverage":-0.5803527,"value":-1.08668755E-05,"weightedAverage":0.4616371}},"metadata":{"timer_format_version":"0.1.0","start_time_seconds":"1761742243","unity_version":"6000.0.34f1","command_line_arguments":"C:\\Program Files\\Unity\\Hub\\Editor\\6000.0.34f1\\Editor\\Unity.exe -projectpath C:\\Users\\MehmetAli\\Desktop\\Unity\\ML-Agents -acceptSoftwareTermsForThisRunOnly -useHub -hubIPC -cloudEnvironment production","communication_protocol_version":"1.5.0","com.unity.ml-agents_version":"3.0.0","scene_name":"SampleScene","end_time_seconds":"1761750564"}}