{
    "name": "root",
    "gauges": {
        "AgentX.Policy.Entropy.mean": {
            "value": 1.0156614780426025,
            "min": 1.0156614780426025,
            "max": 1.3685575723648071,
            "count": 14
        },
        "AgentX.Policy.Entropy.sum": {
            "value": 50961.828125,
            "min": 50517.625,
            "max": 71296.375,
            "count": 14
        },
        "AgentX.Environment.EpisodeLength.mean": {
            "value": 1553.9767441860465,
            "min": 134.44404332129963,
            "max": 1830.5428571428572,
            "count": 14
        },
        "AgentX.Environment.EpisodeLength.sum": {
            "value": 66821.0,
            "min": 1329.0,
            "max": 120080.0,
            "count": 14
        },
        "AgentX.Step.mean": {
            "value": 699938.0,
            "min": 49998.0,
            "max": 699938.0,
            "count": 14
        },
        "AgentX.Step.sum": {
            "value": 699938.0,
            "min": 49998.0,
            "max": 699938.0,
            "count": 14
        },
        "AgentX.Policy.ExtrinsicValueEstimate.mean": {
            "value": -0.3035393953323364,
            "min": -2.1230812072753906,
            "max": 0.0003864251484628767,
            "count": 14
        },
        "AgentX.Policy.ExtrinsicValueEstimate.sum": {
            "value": -245.86691284179688,
            "min": -1662.37255859375,
            "max": 0.3191871643066406,
            "count": 14
        },
        "AgentX.Environment.CumulativeReward.mean": {
            "value": 14.36712171865064,
            "min": -15.53667476773262,
            "max": 14.36712171865064,
            "count": 14
        },
        "AgentX.Environment.CumulativeReward.sum": {
            "value": 617.7862339019775,
            "min": -3879.3985029757023,
            "max": 918.3295315057039,
            "count": 14
        },
        "AgentX.Policy.ExtrinsicReward.mean": {
            "value": 14.36712171865064,
            "min": -15.53667476773262,
            "max": 14.36712171865064,
            "count": 14
        },
        "AgentX.Policy.ExtrinsicReward.sum": {
            "value": 617.7862339019775,
            "min": -3879.3985029757023,
            "max": 918.3295315057039,
            "count": 14
        },
        "AgentX.Losses.PolicyLoss.mean": {
            "value": 0.022055521640383328,
            "min": 0.022055521640383328,
            "max": 0.027864670590497555,
            "count": 14
        },
        "AgentX.Losses.PolicyLoss.sum": {
            "value": 0.08822208656153331,
            "min": 0.08822208656153331,
            "max": 0.13028226487028102,
            "count": 14
        },
        "AgentX.Losses.ValueLoss.mean": {
            "value": 1.0491947842140992,
            "min": 0.23180873016516362,
            "max": 16.271789606412252,
            "count": 14
        },
        "AgentX.Losses.ValueLoss.sum": {
            "value": 4.196779136856397,
            "min": 1.1590436508258182,
            "max": 65.08715842564901,
            "count": 14
        },
        "AgentX.Policy.LearningRate.mean": {
            "value": 0.00029979750284249906,
            "min": 0.00029979750284249906,
            "max": 0.00029999216827761055,
            "count": 14
        },
        "AgentX.Policy.LearningRate.sum": {
            "value": 0.0011991900113699962,
            "min": 0.0011991900113699962,
            "max": 0.0014998914789361734,
            "count": 14
        },
        "AgentX.Policy.Epsilon.mean": {
            "value": 0.199932500925,
            "min": 0.199932500925,
            "max": 0.19999738942500003,
            "count": 14
        },
        "AgentX.Policy.Epsilon.sum": {
            "value": 0.7997300037,
            "min": 0.7997300037,
            "max": 0.9999638263000001,
            "count": 14
        },
        "AgentX.Policy.Beta.mean": {
            "value": 0.0049966317961575,
            "min": 0.0049966317961575,
            "max": 0.004999869732307501,
            "count": 14
        },
        "AgentX.Policy.Beta.sum": {
            "value": 0.01998652718463,
            "min": 0.01998652718463,
            "max": 0.024998194932370002,
            "count": 14
        },
        "AgentX.IsTraining.mean": {
            "value": 1.0,
            "min": 1.0,
            "max": 1.0,
            "count": 14
        },
        "AgentX.IsTraining.sum": {
            "value": 1.0,
            "min": 1.0,
            "max": 1.0,
            "count": 14
        }
    },
    "metadata": {
        "timer_format_version": "0.1.0",
        "start_time_seconds": "1750846930",
        "python_version": "3.10.1 (tags/v3.10.1:2cd268a, Dec  6 2021, 19:10:37) [MSC v.1929 64 bit (AMD64)]",
        "command_line_arguments": "C:\\Users\\MehmetAli\\AppData\\Local\\Programs\\Python\\Python310\\Scripts\\mlagents-learn agentX.yaml --run-id=RunName_015",
        "mlagents_version": "1.1.0",
        "mlagents_envs_version": "1.1.0",
        "communication_protocol_version": "1.5.0",
        "pytorch_version": "2.5.1+cu121",
        "numpy_version": "1.23.5",
        "end_time_seconds": "1750848996"
    },
    "total": 2066.3689847000005,
    "count": 1,
    "self": 0.008760600000641716,
    "children": {
        "run_training.setup": {
            "total": 0.07315500000004249,
            "count": 1,
            "self": 0.07315500000004249
        },
        "TrainerController.start_learning": {
            "total": 2066.2870691,
            "count": 1,
            "self": 0.36087759999008995,
            "children": {
                "TrainerController._reset_env": {
                    "total": 10.312631200000396,
                    "count": 1,
                    "self": 10.312631200000396
                },
                "TrainerController.advance": {
                    "total": 2055.515558700008,
                    "count": 11583,
                    "self": 0.35219310007414606,
                    "children": {
                        "env_step": {
                            "total": 1810.4642646999719,
                            "count": 11583,
                            "self": 1751.435833099923,
                            "children": {
                                "SubprocessEnvManager._take_step": {
                                    "total": 58.77601550001873,
                                    "count": 11583,
                                    "self": 1.2076595000171437,
                                    "children": {
                                        "TorchPolicy.evaluate": {
                                            "total": 57.568356000001586,
                                            "count": 11038,
                                            "self": 57.568356000001586
                                        }
                                    }
                                },
                                "workers": {
                                    "total": 0.25241610003013193,
                                    "count": 11582,
                                    "self": 0.0,
                                    "children": {
                                        "worker_root": {
                                            "total": 2056.6596239999935,
                                            "count": 11582,
                                            "is_parallel": true,
                                            "self": 345.94128780002666,
                                            "children": {
                                                "steps_from_proto": {
                                                    "total": 0.024261000000478816,
                                                    "count": 1,
                                                    "is_parallel": true,
                                                    "self": 0.0002857000008589239,