{
    "name": "root",
    "gauges": {
        "AgentX.Policy.Entropy.mean": {
            "value": 1.0093661546707153,
            "min": 1.0093661546707153,
            "max": 1.3058229684829712,
            "count": 10
        },
        "AgentX.Policy.Entropy.sum": {
            "value": 49612.3671875,
            "min": 10572.6484375,
            "max": 65995.4453125,
            "count": 10
        },
        "AgentX.Step.mean": {
            "value": 899961.0,
            "min": 449997.0,
            "max": 899961.0,
            "count": 10
        },
        "AgentX.Step.sum": {
            "value": 899961.0,
            "min": 449997.0,
            "max": 899961.0,
            "count": 10
        },
        "AgentX.Policy.ExtrinsicValueEstimate.mean": {
            "value": -0.06254929304122925,
            "min": -0.516179621219635,
            "max": -0.06254929304122925,
            "count": 10
        },
        "AgentX.Policy.ExtrinsicValueEstimate.sum": {
            "value": -48.976097106933594,
            "min": -210.49749755859375,
            "max": -48.52088165283203,
            "count": 10
        },
        "AgentX.Environment.EpisodeLength.mean": {
            "value": 1499.0,
            "min": 106.0,
            "max": 1499.0,
            "count": 10
        },
        "AgentX.Environment.EpisodeLength.sum": {
            "value": 4497.0,
            "min": 212.0,
            "max": 94437.0,
            "count": 10
        },
        "AgentX.Environment.CumulativeReward.mean": {
            "value": -0.5190985264877478,
            "min": -7.512443883810192,
            "max": -0.4818148378149739,
            "count": 10
        },
        "AgentX.Environment.CumulativeReward.sum": {
            "value": -1.5572955794632435,
            "min": -72.89081192447338,
            "max": -1.5482975258491933,
            "count": 10
        },
        "AgentX.Policy.ExtrinsicReward.mean": {
            "value": -0.5190985264877478,
            "min": -7.512443883810192,
            "max": -0.4818148378149739,
            "count": 10
        },
        "AgentX.Policy.ExtrinsicReward.sum": {
            "value": -1.5572955794632435,
            "min": -72.89081192447338,
            "max": -1.5482975258491933,
            "count": 10
        },
        "AgentX.IsTraining.mean": {
            "value": 1.0,
            "min": 1.0,
            "max": 1.0,
            "count": 10
        },
        "AgentX.IsTraining.sum": {
            "value": 1.0,
            "min": 1.0,
            "max": 1.0,
            "count": 10
        },
        "AgentX.Losses.PolicyLoss.mean": {
            "value": 0.025277553233370945,
            "min": 0.02179970617001556,
            "max": 0.027735506127435222,
            "count": 9
        },
        "AgentX.Losses.PolicyLoss.sum": {
            "value": 0.10111021293348378,
            "min": 0.08719882468006224,
            "max": 0.11285564962990882,
            "count": 9
        },
        "AgentX.Losses.ValueLoss.mean": {
            "value": 0.0006679109965904964,
            "min": 0.0006679109965904964,
            "max": 0.02840416961591491,
            "count": 9
        },
        "AgentX.Losses.ValueLoss.sum": {
            "value": 0.0026716439863619856,
            "min": 0.0026716439863619856,
            "max": 0.11361667846365964,
            "count": 9
        },
        "AgentX.Policy.LearningRate.mean": {
            "value": 0.0002997375933874689,
            "min": 0.0002997375933874689,
            "max": 0.00029985759627246787,
            "count": 9
        },
        "AgentX.Policy.LearningRate.sum": {
            "value": 0.0011989503735498756,
            "min": 0.0011989503735498756,
            "max": 0.0014989125495624834,
            "count": 9
        },
        "AgentX.Policy.Epsilon.mean": {
            "value": 0.19991253109999998,
            "min": 0.19991253109999998,
            "max": 0.199952532075,
            "count": 9
        },
        "AgentX.Policy.Epsilon.sum": {
            "value": 0.7996501243999999,
            "min": 0.7996501243999999,
            "max": 0.9996375164,
            "count": 9
        },
        "AgentX.Policy.Beta.mean": {
            "value": 0.004995635301889999,
            "min": 0.004995635301889999,
            "max": 0.0049976313505425,
            "count": 9
        },
        "AgentX.Policy.Beta.sum": {
            "value": 0.019982541207559996,
            "min": 0.019982541207559996,
            "max": 0.024981912068359997,
            "count": 9
        }
    },
    "metadata": {
        "timer_format_version": "0.1.0",
        "start_time_seconds": "1752675281",
        "python_version": "3.10.1 (tags/v3.10.1:2cd268a, Dec  6 2021, 19:10:37) [MSC v.1929 64 bit (AMD64)]",
        "command_line_arguments": "C:\\Users\\MehmetAli\\AppData\\Local\\Programs\\Python\\Python310\\Scripts\\mlagents-learn agentX.yaml --run-id=RunName_020 --resume",
        "mlagents_version": "1.1.0",
        "mlagents_envs_version": "1.1.0",
        "communication_protocol_version": "1.5.0",
        "pytorch_version": "2.5.1+cu121",
        "numpy_version": "1.23.5",
        "end_time_seconds": "1752679526"
    },
    "total": 4245.280405600002,
    "count": 1,
    "self": 0.008256000000983477,
    "children": {
        "run_training.setup": {
            "total": 0.08282060000055935,
            "count": 1,
            "self": 0.08282060000055935
        },
        "TrainerController.start_learning": {
            "total": 4245.189329000001,
            "count": 1,
            "self": 0.2036599998937163,
            "children": {
                "TrainerController._reset_env": {
                    "total": 17.042268199998944,
                    "count": 1,
                    "self": 17.042268199998944
                },
                "TrainerController.advance": {
                    "total": 4227.808313200108,
                    "count": 7892,
                    "self": 0.24157470039426698,
                    "children": {
                        "env_step": {
                            "total": 3919.189987399881,
                            "count": 7892,
                            "self": 3864.2966724999496,
                            "children": {
                                "SubprocessEnvManager._take_step": {
                                    "total": 54.66845800001829,
                                    "count": 7892,
                                    "self": 0.8773436001356458,
                                    "children": {
                                        "TorchPolicy.evaluate": {
                                            "total": 53.791114399882645,
                                            "count": 7879,
                                            "self": 53.791114399882645
                                        }
                                    }
                                },
                                "workers": {
                                    "total": 0.22485689991299296,
                                    "count": 7891,
                                    "self": 0.0,
                                    "children": {
                                        "worker_root": {
                                            "total": 4224.510738400106,
                                            "count": 7891,
                                            "is_parallel": true,
                                            "self": 536.3598069002219,
                                            "children": {
                                                "steps_from_proto": {
                                                    "total": 0.07315100000050734,
                                                    "count": 1,
                                                    "is_parallel": true,
                                                    "self": 0.0003280000019003637,