{
    "name": "root",
    "gauges": {
        "AgentX.Policy.Entropy.mean": {
            "value": 0.9710021615028381,
            "min": 0.9710021615028381,
            "max": 1.3711448907852173,
            "count": 8
        },
        "AgentX.Policy.Entropy.sum": {
            "value": 48161.70703125,
            "min": 48161.70703125,
            "max": 71694.421875,
            "count": 8
        },
        "AgentX.Environment.EpisodeLength.mean": {
            "value": 999.0,
            "min": 134.5090909090909,
            "max": 999.0,
            "count": 8
        },
        "AgentX.Environment.EpisodeLength.sum": {
            "value": 39960.0,
            "min": 14796.0,
            "max": 63936.0,
            "count": 8
        },
        "AgentX.Step.mean": {
            "value": 399978.0,
            "min": 49978.0,
            "max": 399978.0,
            "count": 8
        },
        "AgentX.Step.sum": {
            "value": 399978.0,
            "min": 49978.0,
            "max": 399978.0,
            "count": 8
        },
        "AgentX.Policy.ExtrinsicValueEstimate.mean": {
            "value": -1.9880812168121338,
            "min": -1.9880812168121338,
            "max": -1.11048424243927,
            "count": 8
        },
        "AgentX.Policy.ExtrinsicValueEstimate.sum": {
            "value": -1582.5126953125,
            "min": -1593.2066650390625,
            "max": -925.0333251953125,
            "count": 8
        },
        "AgentX.Environment.CumulativeReward.mean": {
            "value": -19.99921529740095,
            "min": -21.276681776480242,
            "max": -19.637749201618135,
            "count": 8
        },
        "AgentX.Environment.CumulativeReward.sum": {
            "value": -799.968611896038,
            "min": -2340.4349954128265,
            "max": -479.97365069389343,
            "count": 8
        },
        "AgentX.Policy.ExtrinsicReward.mean": {
            "value": -19.99921529740095,
            "min": -21.276681776480242,
            "max": -19.637749201618135,
            "count": 8
        },
        "AgentX.Policy.ExtrinsicReward.sum": {
            "value": -799.968611896038,
            "min": -2340.4349954128265,
            "max": -479.97365069389343,
            "count": 8
        },
        "AgentX.Losses.PolicyLoss.mean": {
            "value": 0.026212942704247934,
            "min": 0.022300636310440797,
            "max": 0.027158880893451472,
            "count": 8
        },
        "AgentX.Losses.PolicyLoss.sum": {
            "value": 0.13106471352123966,
            "min": 0.08920254524176319,
            "max": 0.13106471352123966,
            "count": 8
        },
        "AgentX.Losses.ValueLoss.mean": {
            "value": 2.7115014102795006e-05,
            "min": 2.7115014102795006e-05,
            "max": 6.386509825630734,
            "count": 8
        },
        "AgentX.Losses.ValueLoss.sum": {
            "value": 0.00013557507051397503,
            "min": 0.00013557507051397503,
            "max": 25.546039302522935,
            "count": 8
        },
        "AgentX.Policy.LearningRate.mean": {
            "value": 0.0002998883466372178,
            "min": 0.0002998883466372178,
            "max": 0.0002999920254026582,
            "count": 8
        },
        "AgentX.Policy.LearningRate.sum": {
            "value": 0.001499441733186089,
            "min": 0.001199670962509679,
            "max": 0.0014998902810365732,
            "count": 8
        },
        "AgentX.Policy.Epsilon.mean": {
            "value": 0.1999627822,
            "min": 0.1999627822,
            "max": 0.19999734179999995,
            "count": 8
        },
        "AgentX.Policy.Epsilon.sum": {
            "value": 0.9998139109999999,
            "min": 0.7998903207999999,
            "max": 0.9999634270000001,
            "count": 8
        },
        "AgentX.Policy.Beta.mean": {
            "value": 0.004998142831780001,
            "min": 0.004998142831780001,
            "max": 0.00499986735582,
            "count": 8
        },
        "AgentX.Policy.Beta.sum": {
            "value": 0.024990714158900005,
            "min": 0.019994527007919996,
            "max": 0.024998175007300002,
            "count": 8
        },
        "AgentX.IsTraining.mean": {
            "value": 1.0,
            "min": 1.0,
            "max": 1.0,
            "count": 8
        },
        "AgentX.IsTraining.sum": {
            "value": 1.0,
            "min": 1.0,
            "max": 1.0,
            "count": 8
        }
    },
    "metadata": {
        "timer_format_version": "0.1.0",
        "start_time_seconds": "1750164049",
        "python_version": "3.10.1 (tags/v3.10.1:2cd268a, Dec  6 2021, 19:10:37) [MSC v.1929 64 bit (AMD64)]",
        "command_line_arguments": "C:\\Users\\MehmetAli\\AppData\\Local\\Programs\\Python\\Python310\\Scripts\\mlagents-learn agentX.yaml --run-id=RunName_004",
        "mlagents_version": "1.1.0",
        "mlagents_envs_version": "1.1.0",
        "communication_protocol_version": "1.5.0",
        "pytorch_version": "2.5.1+cu121",
        "numpy_version": "1.23.5",
        "end_time_seconds": "1750165118"
    },
    "total": 1068.9083506999996,
    "count": 1,
    "self": 0.014564400000381283,
    "children": {
        "run_training.setup": {
            "total": 0.07383249999838881,
            "count": 1,
            "self": 0.07383249999838881
        },
        "TrainerController.start_learning": {
            "total": 1068.8199538000008,
            "count": 1,
            "self": 0.1634299000252213,
            "children": {
                "TrainerController._reset_env": {
                    "total": 7.199311099997431,
                    "count": 1,
                    "self": 7.199311099997431
                },
                "TrainerController.advance": {
                    "total": 1061.1930601999775,
                    "count": 7077,
                    "self": 0.1518056002278172,
                    "children": {
                        "env_step": {
                            "total": 924.2929757000238,
                            "count": 7077,
                            "self": 890.7796947004135,
                            "children": {
                                "SubprocessEnvManager._take_step": {
                                    "total": 33.3826853998944,
                                    "count": 7077,
                                    "self": 0.551960099972348,
                                    "children": {
                                        "TorchPolicy.evaluate": {
                                            "total": 32.83072529992205,
                                            "count": 7025,
                                            "self": 32.83072529992205
                                        }
                                    }
                                },
                                "workers": {
                                    "total": 0.13059559971588897,
                                    "count": 7076,
                                    "self": 0.0,
                                    "children": {
                                        "worker_root": {
                                            "total": 1062.5859867000836,
                                            "count": 7076,
                                            "is_parallel": true,
                                            "self": 192.6212893999109,
                                            "children": {
                                                "steps_from_proto": {
                                                    "total": 0.02519409999877098,
                                                    "count": 1,
                                                    "is_parallel": true,
                                                    "self": 0.0002981000034196768,