{
    "name": "root",
    "gauges": {
        "PathfinderAgent.Policy.Entropy.mean": {
            "value": 1.6277554035186768,
            "min": 1.6033495664596558,
            "max": 1.6367008686065674,
            "count": 60
        },
        "PathfinderAgent.Policy.Entropy.sum": {
            "value": 81283.59375,
            "min": 63697.87109375,
            "max": 82028.4609375,
            "count": 60
        },
        "PathfinderAgent.Environment.EpisodeLength.mean": {
            "value": 308.9698795180723,
            "min": 246.6341463414634,
            "max": 960.8039215686274,
            "count": 60
        },
        "PathfinderAgent.Environment.EpisodeLength.sum": {
            "value": 51289.0,
            "min": 27741.0,
            "max": 55360.0,
            "count": 60
        },
        "PathfinderAgent.Step.mean": {
            "value": 4999999.0,
            "min": 2049957.0,
            "max": 4999999.0,
            "count": 60
        },
        "PathfinderAgent.Step.sum": {
            "value": 4999999.0,
            "min": 2049957.0,
            "max": 4999999.0,
            "count": 60
        },
        "PathfinderAgent.Policy.ExtrinsicValueEstimate.mean": {
            "value": 0.4561667740345001,
            "min": 0.1818818747997284,
            "max": 0.7292959094047546,
            "count": 60
        },
        "PathfinderAgent.Policy.ExtrinsicValueEstimate.sum": {
            "value": 395.49658203125,
            "min": 151.50759887695312,
            "max": 521.8549194335938,
            "count": 60
        },
        "PathfinderAgent.Environment.CumulativeReward.mean": {
            "value": 1.430308401258522,
            "min": 0.35284649455604455,
            "max": 1.4463865167254715,
            "count": 60
        },
        "PathfinderAgent.Environment.CumulativeReward.sum": {
            "value": 237.43119460891467,
            "min": 15.172399265909917,
            "max": 284.41044063797744,
            "count": 60
        },
        "PathfinderAgent.Policy.ExtrinsicReward.mean": {
            "value": 1.430308401258522,
            "min": 0.35284649455604455,
            "max": 1.4463865167254715,
            "count": 60
        },
        "PathfinderAgent.Policy.ExtrinsicReward.sum": {
            "value": 237.43119460891467,
            "min": 15.172399265909917,
            "max": 284.41044063797744,
            "count": 60
        },
        "PathfinderAgent.Losses.PolicyLoss.mean": {
            "value": 0.1042226080802114,
            "min": 0.08724050732174267,
            "max": 0.12420465981995221,
            "count": 60
        },
        "PathfinderAgent.Losses.PolicyLoss.sum": {
            "value": 0.1042226080802114,
            "min": 0.08724050732174267,
            "max": 0.239250751259533,
            "count": 60
        },
        "PathfinderAgent.Losses.ValueLoss.mean": {
            "value": 0.022948487431373604,
            "min": 0.007080944760067117,
            "max": 0.02708554602334819,
            "count": 60
        },
        "PathfinderAgent.Losses.ValueLoss.sum": {
            "value": 0.022948487431373604,
            "min": 0.007262065783531095,
            "max": 0.048638443372813825,
            "count": 60
        },
        "PathfinderAgent.Policy.LearningRate.mean": {
            "value": 9.659395170799957e-07,
            "min": 9.659395170799957e-07,
            "max": 0.00011828100085951996,
            "count": 60
        },
        "PathfinderAgent.Policy.LearningRate.sum": {
            "value": 9.659395170799957e-07,
            "min": 9.659395170799957e-07,
            "max": 0.0002301308849346,
            "count": 60
        },
        "PathfinderAgent.Policy.Epsilon.mean": {
            "value": 0.10048291999999999,
            "min": 0.10048291999999999,
            "max": 0.15914048000000003,
            "count": 60
        },
        "PathfinderAgent.Policy.Epsilon.sum": {
            "value": 0.10048291999999999,
            "min": 0.10048291999999999,
            "max": 0.3150654,
            "count": 60
        },
        "PathfinderAgent.Policy.Beta.mean": {
            "value": 0.00015482770799999933,
            "min": 0.00015482770799999933,
            "max": 0.017746229952000005,
            "count": 60
        },
        "PathfinderAgent.Policy.Beta.sum": {
            "value": 0.00015482770799999933,
            "min": 0.00015482770799999933,
            "max": 0.034528113459999996,
            "count": 60
        },
        "PathfinderAgent.IsTraining.mean": {
            "value": 1.0,
            "min": 1.0,
            "max": 1.0,
            "count": 60
        },
        "PathfinderAgent.IsTraining.sum": {
            "value": 1.0,
            "min": 1.0,
            "max": 1.0,
            "count": 60
        }
    },
    "metadata": {
        "timer_format_version": "0.1.0",
        "start_time_seconds": "1756719533",
        "python_version": "3.10.1 (tags/v3.10.1:2cd268a, Dec  6 2021, 19:10:37) [MSC v.1929 64 bit (AMD64)]",
        "command_line_arguments": "C:\\Users\\MehmetAli\\AppData\\Local\\Programs\\Python\\Python310\\Scripts\\mlagents-learn conf2.yaml --run-id=RunName_004 --resume",
        "mlagents_version": "1.1.0",
        "mlagents_envs_version": "1.1.0",
        "communication_protocol_version": "1.5.0",
        "pytorch_version": "2.5.1+cu121",
        "numpy_version": "1.23.5",
        "end_time_seconds": "1756728356"
    },
    "total": 8823.2269618,
    "count": 1,
    "self": 0.025146699999822886,
    "children": {
        "run_training.setup": {
            "total": 0.08593719999998939,
            "count": 1,
            "self": 0.08593719999998939
        },
        "TrainerController.start_learning": {
            "total": 8823.1158779,
            "count": 1,
            "self": 5.765196699878288,
            "children": {
                "TrainerController._reset_env": {
                    "total": 8.922551200000044,
                    "count": 1,
                    "self": 8.922551200000044
                },
                "TrainerController.advance": {
                    "total": 8808.236651500121,
                    "count": 193013,
                    "self": 5.613877200003117,
                    "children": {
                        "env_step": {
                            "total": 7516.785856199952,
                            "count": 193013,
                            "self": 6534.042879500275,
                            "children": {
                                "SubprocessEnvManager._take_step": {
                                    "total": 979.2981608999839,
                                    "count": 193013,
                                    "self": 26.098699199870225,
                                    "children": {
                                        "TorchPolicy.evaluate": {
                                            "total": 953.1994617001137,
                                            "count": 186859,
                                            "self": 953.1994617001137
                                        }
                                    }
                                },
                                "workers": {
                                    "total": 3.4448157996926057,
                                    "count": 193013,
                                    "self": 0.0,
                                    "children": {
                                        "worker_root": {
                                            "total": 8806.270976800191,
                                            "count": 193013,
                                            "is_parallel": true,
                                            "self": 2663.9832765999563,