{
    "name": "root",
    "metadata": {
        "timer_format_version": "0.1.0",
        "start_time_seconds": "1753113451",
        "python_version": "3.10.1 (tags/v3.10.1:2cd268a, Dec  6 2021, 19:10:37) [MSC v.1929 64 bit (AMD64)]",
        "command_line_arguments": "C:\\Users\\MehmetAli\\AppData\\Local\\Programs\\Python\\Python310\\Scripts\\mlagents-learn agentX.yaml --run-id=RunName_030",
        "mlagents_version": "1.1.0",
        "mlagents_envs_version": "1.1.0",
        "communication_protocol_version": "1.5.0",
        "pytorch_version": "2.5.1+cu121",
        "numpy_version": "1.23.5",
        "end_time_seconds": "1753113482"
    },
    "total": 31.337281600001006,
    "count": 1,
    "self": 0.006271599999308819,
    "children": {
        "run_training.setup": {
            "total": 0.07868339999913587,
            "count": 1,
            "self": 0.07868339999913587
        },
        "TrainerController.start_learning": {
            "total": 31.25232660000256,
            "count": 1,
            "self": 0.0046833999767841306,
            "children": {
                "TrainerController._reset_env": {
                    "total": 6.791755700000067,
                    "count": 1,
                    "self": 6.791755700000067
                },
                "TrainerController.advance": {
                    "total": 24.282931700028712,
                    "count": 255,
                    "self": 0.004223500105581479,
                    "children": {
                        "env_step": {
                            "total": 24.05030759996589,
                            "count": 255,
                            "self": 22.864166899918928,
                            "children": {
                                "SubprocessEnvManager._take_step": {
                                    "total": 1.182279099994048,
                                    "count": 255,
                                    "self": 0.012624799997865921,
                                    "children": {
                                        "TorchPolicy.evaluate": {
                                            "total": 1.169654299996182,
                                            "count": 254,
                                            "self": 1.169654299996182
                                        }
                                    }
                                },
                                "workers": {
                                    "total": 0.003861600052914582,
                                    "count": 254,
                                    "self": 0.0,
                                    "children": {
                                        "worker_root": {
                                            "total": 6.871340500023507,
                                            "count": 254,
                                            "is_parallel": true,
                                            "self": 2.974281000031624,
                                            "children": {
                                                "steps_from_proto": {
                                                    "total": 0.01702579999982845,
                                                    "count": 1,
                                                    "is_parallel": true,
                                                    "self": 0.00015250000069499947,
                                                    "children": {
                                                        "_process_maybe_compressed_observation": {
                                                            "total": 0.01680810000107158,
                                                            "count": 2,
                                                            "is_parallel": true,
                                                            "self": 2.670000321813859e-05,
                                                            "children": {
                                                                "_observation_to_np_array": {
                                                                    "total": 0.01678139999785344,
                                                                    "count": 1,
                                                                    "is_parallel": true,
                                                                    "self": 2.390000008745119e-05,
                                                                    "children": {
                                                                        "process_pixels": {
                                                                            "total": 0.01675749999776599,
                                                                            "count": 1,
                                                                            "is_parallel": true,
                                                                            "self": 0.0007991999955265783,
                                                                            "children": {
                                                                                "image_decompress": {
                                                                                    "total": 0.01595830000223941,
                                                                                    "count": 5,
                                                                                    "is_parallel": true,
                                                                                    "self": 0.01595830000223941
                                                                                }
                                                                            }
                                                                        }
                                                                    }
                                                                }
                                                            }
                                                        },
                                                        "_process_rank_one_or_two_observation": {
                                                            "total": 6.519999806187116e-05,
                                                            "count": 2,
                                                            "is_parallel": true,
                                                            "self": 6.519999806187116e-05
                                                        }
                                                    }
                                                },
                                                "UnityEnvironment.step": {
                                                    "total": 3.8800336999920546,
                                                    "count": 254,
                                                    "is_parallel": true,
                                                    "self": 0.013793400008580647,
                                                    "children": {
                                                        "UnityEnvironment._generate_step_input": {
                                                            "total": 0.031651099987357156,
                                                            "count": 254,
                                                            "is_parallel": true,
                                                            "self": 0.031651099987357156
                                                        },
                                                        "communicator.exchange": {
                                                            "total": 3.562826099994709,
                                                            "count": 254,
                                                            "is_parallel": true,