{
    "name": "root",
    "gauges": {
        "PathfinderAgent.Policy.Entropy.mean": {
            "value": 1.9830000400543213,
            "min": 1.630009651184082,
            "max": 1.9830000400543213,
            "count": 42
        },
        "PathfinderAgent.Policy.Entropy.sum": {
            "value": 99150.0,
            "min": 82111.4296875,
            "max": 99150.0,
            "count": 42
        },
        "PathfinderAgent.Environment.EpisodeLength.mean": {
            "value": 337.0,
            "min": 321.8709677419355,
            "max": 795.5166666666667,
            "count": 42
        },
        "PathfinderAgent.Environment.EpisodeLength.sum": {
            "value": 48528.0,
            "min": 39585.0,
            "max": 57600.0,
            "count": 42
        },
        "PathfinderAgent.Step.mean": {
            "value": 2099984.0,
            "min": 49955.0,
            "max": 2099984.0,
            "count": 42
        },
        "PathfinderAgent.Step.sum": {
            "value": 2099984.0,
            "min": 49955.0,
            "max": 2099984.0,
            "count": 42
        },
        "PathfinderAgent.Policy.ExtrinsicValueEstimate.mean": {
            "value": 0.40280720591545105,
            "min": 0.2330394834280014,
            "max": 0.4250808656215668,
            "count": 42
        },
        "PathfinderAgent.Policy.ExtrinsicValueEstimate.sum": {
            "value": 343.59454345703125,
            "min": 192.257568359375,
            "max": 346.8659973144531,
            "count": 42
        },
        "PathfinderAgent.Environment.CumulativeReward.mean": {
            "value": 1.439194061247387,
            "min": 1.1050120488862272,
            "max": 1.4471375415623757,
            "count": 42
        },
        "PathfinderAgent.Environment.CumulativeReward.sum": {
            "value": 207.24394481962372,
            "min": 79.98384763242211,
            "max": 216.62454330638866,
            "count": 42
        },
        "PathfinderAgent.Policy.ExtrinsicReward.mean": {
            "value": 1.439194061247387,
            "min": 1.1050120488862272,
            "max": 1.4471375415623757,
            "count": 42
        },
        "PathfinderAgent.Policy.ExtrinsicReward.sum": {
            "value": 207.24394481962372,
            "min": 79.98384763242211,
            "max": 216.62454330638866,
            "count": 42
        },
        "PathfinderAgent.Losses.PolicyLoss.mean": {
            "value": 0.10085595981763618,
            "min": 0.09207850573100984,
            "max": 0.125274775675886,
            "count": 42
        },
        "PathfinderAgent.Losses.PolicyLoss.sum": {
            "value": 0.20171191963527235,
            "min": 0.0941637476729132,
            "max": 0.22809900244988057,
            "count": 42
        },
        "PathfinderAgent.Losses.ValueLoss.mean": {
            "value": 0.01844509549725141,
            "min": 0.006843740428242502,
            "max": 0.023338041096091427,
            "count": 42
        },
        "PathfinderAgent.Losses.ValueLoss.sum": {
            "value": 0.03689019099450282,
            "min": 0.008663397828058805,
            "max": 0.04377397869393462,
            "count": 42
        },
        "PathfinderAgent.Policy.LearningRate.mean": {
            "value": 0.00019916937861531094,
            "min": 0.00019916937861531094,
            "max": 0.00019998721960639022,
            "count": 42
        },
        "PathfinderAgent.Policy.LearningRate.sum": {
            "value": 0.0003983387572306219,
            "min": 0.00019918822200588922,
            "max": 0.00039993573803213093,
            "count": 42
        },
        "PathfinderAgent.Policy.Epsilon.mean": {
            "value": 0.19958468910000002,
            "min": 0.19958468910000002,
            "max": 0.1999936098,
            "count": 42
        },
        "PathfinderAgent.Policy.Epsilon.sum": {
            "value": 0.39916937820000004,
            "min": 0.19959411080000003,
            "max": 0.3999678690000001,
            "count": 42
        },
        "PathfinderAgent.Policy.Beta.mean": {
            "value": 0.029875448261090006,
            "min": 0.029875448261090006,
            "max": 0.029998083579020004,
            "count": 42
        },
        "PathfinderAgent.Policy.Beta.sum": {
            "value": 0.05975089652218001,
            "min": 0.02987827382892,
            "max": 0.05999036391310001,
            "count": 42
        },
        "PathfinderAgent.IsTraining.mean": {
            "value": 1.0,
            "min": 1.0,
            "max": 1.0,
            "count": 42
        },
        "PathfinderAgent.IsTraining.sum": {
            "value": 1.0,
            "min": 1.0,
            "max": 1.0,
            "count": 42
        }
    },
    "metadata": {
        "timer_format_version": "0.1.0",
        "start_time_seconds": "1756984404",
        "python_version": "3.10.1 (tags/v3.10.1:2cd268a, Dec  6 2021, 19:10:37) [MSC v.1929 64 bit (AMD64)]",
        "command_line_arguments": "C:\\Users\\MehmetAli\\AppData\\Local\\Programs\\Python\\Python310\\Scripts\\mlagents-learn conf3.yaml --run-id=RunName_005",
        "mlagents_version": "1.1.0",
        "mlagents_envs_version": "1.1.0",
        "communication_protocol_version": "1.5.0",
        "pytorch_version": "2.5.1+cu121",
        "numpy_version": "1.23.5",
        "end_time_seconds": "1756990750"
    },
    "total": 6346.240875899999,
    "count": 1,
    "self": 0.010301799999069772,
    "children": {
        "run_training.setup": {
            "total": 0.07639999999992142,
            "count": 1,
            "self": 0.07639999999992142
        },
        "TrainerController.start_learning": {
            "total": 6346.1541741,
            "count": 1,
            "self": 3.554130499940584,
            "children": {
                "TrainerController._reset_env": {
                    "total": 7.960530700000163,
                    "count": 1,
                    "self": 7.960530700000163
                },
                "TrainerController.advance": {
                    "total": 6334.40856120006,
                    "count": 137131,
                    "self": 3.4968794001060814,
                    "children": {
                        "env_step": {
                            "total": 5443.758218700064,
                            "count": 137131,
                            "self": 4762.666117500409,
                            "children": {
                                "SubprocessEnvManager._take_step": {
                                    "total": 678.7804087995764,
                                    "count": 137131,
                                    "self": 16.213700699603578,
                                    "children": {
                                        "TorchPolicy.evaluate": {
                                            "total": 662.5667080999729,
                                            "count": 133267,
                                            "self": 662.5667080999729
                                        }
                                    }
                                },
                                "workers": {
                                    "total": 2.311692400078755,
                                    "count": 137130,
                                    "self": 0.0,
                                    "children": {
                                        "worker_root": {
                                            "total": 6335.214014399944,
                                            "count": 137130,
                                            "is_parallel": true,
                                            "self": 1824.9899485001952,
                                            "children": {
                                                "steps_from_proto": {
                                                    "total": 0.0012412999994921847,