{
    "name": "root",
    "gauges": {
        "PathfinderAgent.Policy.Entropy.mean": {
            "value": 1.7595150470733643,
            "min": 1.606748104095459,
            "max": 1.7595150470733643,
            "count": 40
        },
        "PathfinderAgent.Policy.Entropy.sum": {
            "value": 87919.4453125,
            "min": 81134.3515625,
            "max": 88088.6015625,
            "count": 40
        },
        "PathfinderAgent.Environment.EpisodeLength.mean": {
            "value": 111.41269841269842,
            "min": 108.55965292841648,
            "max": 328.79245283018867,
            "count": 40
        },
        "PathfinderAgent.Environment.EpisodeLength.sum": {
            "value": 49133.0,
            "min": 44348.0,
            "max": 54504.0,
            "count": 40
        },
        "PathfinderAgent.Step.mean": {
            "value": 1999970.0,
            "min": 49964.0,
            "max": 1999970.0,
            "count": 40
        },
        "PathfinderAgent.Step.sum": {
            "value": 1999970.0,
            "min": 49964.0,
            "max": 1999970.0,
            "count": 40
        },
        "PathfinderAgent.Policy.ExtrinsicValueEstimate.mean": {
            "value": 0.8335809111595154,
            "min": 0.39415064454078674,
            "max": 0.839671790599823,
            "count": 40
        },
        "PathfinderAgent.Policy.ExtrinsicValueEstimate.sum": {
            "value": 824.4114990234375,
            "min": 348.28021240234375,
            "max": 844.806396484375,
            "count": 40
        },
        "PathfinderAgent.Environment.CumulativeReward.mean": {
            "value": 1.4139738209983523,
            "min": 0.48318615842561574,
            "max": 1.4434452597520735,
            "count": 40
        },
        "PathfinderAgent.Environment.CumulativeReward.sum": {
            "value": 623.5624550602734,
            "min": 81.17527461550344,
            "max": 658.2579336287527,
            "count": 40
        },
        "PathfinderAgent.Policy.ExtrinsicReward.mean": {
            "value": 1.4139738209983523,
            "min": 0.48318615842561574,
            "max": 1.4434452597520735,
            "count": 40
        },
        "PathfinderAgent.Policy.ExtrinsicReward.sum": {
            "value": 623.5624550602734,
            "min": 81.17527461550344,
            "max": 658.2579336287527,
            "count": 40
        },
        "PathfinderAgent.Losses.PolicyLoss.mean": {
            "value": 0.11649279624680275,
            "min": 0.08238580586718551,
            "max": 0.12851390526096415,
            "count": 40
        },
        "PathfinderAgent.Losses.PolicyLoss.sum": {
            "value": 0.2329855924936055,
            "min": 0.08238580586718551,
            "max": 0.23904944978130516,
            "count": 40
        },
        "PathfinderAgent.Losses.ValueLoss.mean": {
            "value": 0.025212791692562558,
            "min": 0.019230544305780008,
            "max": 0.03766946971882135,
            "count": 40
        },
        "PathfinderAgent.Losses.ValueLoss.sum": {
            "value": 0.050425583385125115,
            "min": 0.021076742850709707,
            "max": 0.07220196253426062,
            "count": 40
        },
        "PathfinderAgent.Policy.LearningRate.mean": {
            "value": 0.00012110039944982,
            "min": 0.00012110039944982,
            "max": 0.00019875836062081996,
            "count": 40
        },
        "PathfinderAgent.Policy.LearningRate.sum": {
            "value": 0.00024220079889964,
            "min": 0.00012513567743218,
            "max": 0.00039378016310992,
            "count": 40
        },
        "PathfinderAgent.Policy.Epsilon.mean": {
            "value": 0.16055018,
            "min": 0.16055018,
            "max": 0.19937918000000002,
            "count": 40
        },
        "PathfinderAgent.Policy.Epsilon.sum": {
            "value": 0.32110036,
            "min": 0.16256782000000003,
            "max": 0.39689008000000003,
            "count": 40
        },
        "PathfinderAgent.Policy.Beta.mean": {
            "value": 0.018168998982,
            "min": 0.018168998982,
            "max": 0.029813816082000007,
            "count": 40
        },
        "PathfinderAgent.Policy.Beta.sum": {
            "value": 0.036337997964,
            "min": 0.018774089218,
            "max": 0.059067334991999995,
            "count": 40
        },
        "PathfinderAgent.IsTraining.mean": {
            "value": 1.0,
            "min": 1.0,
            "max": 1.0,
            "count": 40
        },
        "PathfinderAgent.IsTraining.sum": {
            "value": 1.0,
            "min": 1.0,
            "max": 1.0,
            "count": 40
        }
    },
    "metadata": {
        "timer_format_version": "0.1.0",
        "start_time_seconds": "1756125165",
        "python_version": "3.10.1 (tags/v3.10.1:2cd268a, Dec  6 2021, 19:10:37) [MSC v.1929 64 bit (AMD64)]",
        "command_line_arguments": "C:\\Users\\MehmetAli\\AppData\\Local\\Programs\\Python\\Python310\\Scripts\\mlagents-learn conf2.yaml --run-id=RunName_002",
        "mlagents_version": "1.1.0",
        "mlagents_envs_version": "1.1.0",
        "communication_protocol_version": "1.5.0",
        "pytorch_version": "2.5.1+cu121",
        "numpy_version": "1.23.5",
        "end_time_seconds": "1756130357"
    },
    "total": 5191.750935499998,
    "count": 1,
    "self": 0.005761099999290309,
    "children": {
        "run_training.setup": {
            "total": 0.07389349999903061,
            "count": 1,
            "self": 0.07389349999903061
        },
        "TrainerController.start_learning": {
            "total": 5191.6712809,
            "count": 1,
            "self": 3.1059086001969263,
            "children": {
                "TrainerController._reset_env": {
                    "total": 12.362784200000533,
                    "count": 1,
                    "self": 12.362784200000533
                },
                "TrainerController.advance": {
                    "total": 5175.992277299803,
                    "count": 136212,
                    "self": 2.7383190000546165,
                    "children": {
                        "env_step": {
                            "total": 4283.313773899828,
                            "count": 136212,
                            "self": 3673.6597413998024,
                            "children": {
                                "SubprocessEnvManager._take_step": {
                                    "total": 607.6747576002654,
                                    "count": 136212,
                                    "self": 12.901955201095916,
                                    "children": {
                                        "TorchPolicy.evaluate": {
                                            "total": 594.7728023991694,
                                            "count": 125331,
                                            "self": 594.7728023991694
                                        }
                                    }
                                },
                                "workers": {
                                    "total": 1.9792748997606395,
                                    "count": 136211,
                                    "self": 0.0,
                                    "children": {
                                        "worker_root": {
                                            "total": 5176.015184799604,
                                            "count": 136211,
                                            "is_parallel": true,
                                            "self": 1714.4076594996895,
                                            "children": {
                                                "steps_from_proto": {
                                                    "total": 0.0008440000001428416,