{
    "name": "root",
    "gauges": {
        "PathfinderAgent.Policy.Entropy.mean": {
            "value": 1.6000590324401855,
            "min": 1.4207336902618408,
            "max": 1.6007815599441528,
            "count": 40
        },
        "PathfinderAgent.Policy.Entropy.sum": {
            "value": 79849.34375,
            "min": 71403.4296875,
            "max": 80274.09375,
            "count": 40
        },
        "PathfinderAgent.Environment.EpisodeLength.mean": {
            "value": 48.1600790513834,
            "min": 48.1600790513834,
            "max": 778.5538461538462,
            "count": 40
        },
        "PathfinderAgent.Environment.EpisodeLength.sum": {
            "value": 48738.0,
            "min": 44586.0,
            "max": 52229.0,
            "count": 40
        },
        "PathfinderAgent.Step.mean": {
            "value": 1999987.0,
            "min": 49989.0,
            "max": 1999987.0,
            "count": 40
        },
        "PathfinderAgent.Step.sum": {
            "value": 1999987.0,
            "min": 49989.0,
            "max": 1999987.0,
            "count": 40
        },
        "PathfinderAgent.Policy.ExtrinsicValueEstimate.mean": {
            "value": 1.0355665683746338,
            "min": -0.1740332692861557,
            "max": 1.0355665683746338,
            "count": 40
        },
        "PathfinderAgent.Policy.ExtrinsicValueEstimate.sum": {
            "value": 1425.97509765625,
            "min": -151.06088256835938,
            "max": 1425.97509765625,
            "count": 40
        },
        "PathfinderAgent.Environment.CumulativeReward.mean": {
            "value": 1.3315531079225338,
            "min": -0.8860141812913841,
            "max": 1.3551386837739892,
            "count": 40
        },
        "PathfinderAgent.Environment.CumulativeReward.sum": {
            "value": 1346.2001921096817,
            "min": -137.33219810016453,
            "max": 1348.362990355119,
            "count": 40
        },
        "PathfinderAgent.Policy.ExtrinsicReward.mean": {
            "value": 1.3315531079225338,
            "min": -0.8860141812913841,
            "max": 1.3551386837739892,
            "count": 40
        },
        "PathfinderAgent.Policy.ExtrinsicReward.sum": {
            "value": 1346.2001921096817,
            "min": -137.33219810016453,
            "max": 1348.362990355119,
            "count": 40
        },
        "PathfinderAgent.Losses.PolicyLoss.mean": {
            "value": 0.1170230748381679,
            "min": 0.08321759513440459,
            "max": 0.12509165548431156,
            "count": 40
        },
        "PathfinderAgent.Losses.PolicyLoss.sum": {
            "value": 0.2340461496763358,
            "min": 0.08321759513440459,
            "max": 0.2501833109686231,
            "count": 40
        },
        "PathfinderAgent.Losses.ValueLoss.mean": {
            "value": 0.015486074053721191,
            "min": 0.0028940141704273024,
            "max": 0.04831261847478648,
            "count": 40
        },
        "PathfinderAgent.Losses.ValueLoss.sum": {
            "value": 0.030972148107442383,
            "min": 0.0028940141704273024,
            "max": 0.0579804928759889,
            "count": 40
        },
        "PathfinderAgent.Policy.LearningRate.mean": {
            "value": 0.00012122607938698003,
            "min": 0.00012122607938698003,
            "max": 0.00019876440061779996,
            "count": 40
        },
        "PathfinderAgent.Policy.LearningRate.sum": {
            "value": 0.00024245215877396006,
            "min": 0.00013704471147766,
            "max": 0.00039373992313004,
            "count": 40
        },
        "PathfinderAgent.Policy.Epsilon.mean": {
            "value": 0.16061302,
            "min": 0.16061302,
            "max": 0.19938220000000004,
            "count": 40
        },
        "PathfinderAgent.Policy.Epsilon.sum": {
            "value": 0.32122604,
            "min": 0.16852234,
            "max": 0.39686995999999997,
            "count": 40
        },
        "PathfinderAgent.Policy.Beta.mean": {
            "value": 0.018187844698,
            "min": 0.018187844698,
            "max": 0.029814721779999998,
            "count": 40
        },
        "PathfinderAgent.Policy.Beta.sum": {
            "value": 0.036375689396,
            "min": 0.020559849766,
            "max": 0.05906130100399999,
            "count": 40
        },
        "PathfinderAgent.IsTraining.mean": {
            "value": 1.0,
            "min": 1.0,
            "max": 1.0,
            "count": 40
        },
        "PathfinderAgent.IsTraining.sum": {
            "value": 1.0,
            "min": 1.0,
            "max": 1.0,
            "count": 40
        }
    },
    "metadata": {
        "timer_format_version": "0.1.0",
        "start_time_seconds": "1755951584",
        "python_version": "3.10.1 (tags/v3.10.1:2cd268a, Dec  6 2021, 19:10:37) [MSC v.1929 64 bit (AMD64)]",
        "command_line_arguments": "C:\\Users\\MehmetAli\\AppData\\Local\\Programs\\Python\\Python310\\Scripts\\mlagents-learn conf.yaml --run-id=RunName_001",
        "mlagents_version": "1.1.0",
        "mlagents_envs_version": "1.1.0",
        "communication_protocol_version": "1.5.0",
        "pytorch_version": "2.5.1+cu121",
        "numpy_version": "1.23.5",
        "end_time_seconds": "1755956396"
    },
    "total": 4812.355896099999,
    "count": 1,
    "self": 0.006624399998145236,
    "children": {
        "run_training.setup": {
            "total": 0.07178819999990083,
            "count": 1,
            "self": 0.07178819999990083
        },
        "TrainerController.start_learning": {
            "total": 4812.277483500001,
            "count": 1,
            "self": 3.1466908995798804,
            "children": {
                "TrainerController._reset_env": {
                    "total": 8.805191399999785,
                    "count": 1,
                    "self": 8.805191399999785
                },
                "TrainerController.advance": {
                    "total": 4800.126102000421,
                    "count": 136077,
                    "self": 2.817691700670366,
                    "children": {
                        "env_step": {
                            "total": 3894.4817264000612,
                            "count": 136077,
                            "self": 3276.4749395005974,
                            "children": {
                                "SubprocessEnvManager._take_step": {
                                    "total": 616.0125634000324,
                                    "count": 136077,
                                    "self": 12.847794699856422,
                                    "children": {
                                        "TorchPolicy.evaluate": {
                                            "total": 603.164768700176,
                                            "count": 125691,
                                            "self": 603.164768700176
                                        }
                                    }
                                },
                                "workers": {
                                    "total": 1.9942234994314276,
                                    "count": 136077,
                                    "self": 0.0,
                                    "children": {
                                        "worker_root": {
                                            "total": 4800.25049580012,
                                            "count": 136077,
                                            "is_parallel": true,
                                            "self": 1736.4747199000767,
                                            "children": {
                                                "steps_from_proto": {
                                                    "total": 0.0006277000002228306,