{
    "name": "root",
    "gauges": {
        "AgentX.Policy.Entropy.mean": {
            "value": 0.013557849451899529,
            "min": 0.00883147306740284,
            "max": 1.5745759010314941,
            "count": 12
        },
        "AgentX.Policy.Entropy.sum": {
            "value": 675.0724487304688,
            "min": 439.7367248535156,
            "max": 81626.015625,
            "count": 12
        },
        "AgentX.Environment.EpisodeLength.mean": {
            "value": 999.0,
            "min": 127.90677966101696,
            "max": 999.0,
            "count": 12
        },
        "AgentX.Environment.EpisodeLength.sum": {
            "value": 52947.0,
            "min": 32168.0,
            "max": 57942.0,
            "count": 12
        },
        "AgentX.Step.mean": {
            "value": 599952.0,
            "min": 49985.0,
            "max": 599952.0,
            "count": 12
        },
        "AgentX.Step.sum": {
            "value": 599952.0,
            "min": 49985.0,
            "max": 599952.0,
            "count": 12
        },
        "AgentX.Policy.ExtrinsicValueEstimate.mean": {
            "value": 468.4370422363281,
            "min": 0.7650502324104309,
            "max": 468.4370422363281,
            "count": 12
        },
        "AgentX.Policy.ExtrinsicValueEstimate.sum": {
            "value": 375218.0625,
            "min": 730.6229858398438,
            "max": 375810.46875,
            "count": 12
        },
        "AgentX.Environment.CumulativeReward.mean": {
            "value": 4830.771110102815,
            "min": 7.135108405503176,
            "max": 4830.771110102815,
            "count": 12
        },
        "AgentX.Environment.CumulativeReward.sum": {
            "value": 256030.86883544922,
            "min": 2525.8283755481243,
            "max": 264981.3134460449,
            "count": 12
        },
        "AgentX.Policy.ExtrinsicReward.mean": {
            "value": 4830.771110102815,
            "min": 7.135108405503176,
            "max": 4830.771110102815,
            "count": 12
        },
        "AgentX.Policy.ExtrinsicReward.sum": {
            "value": 256030.86883544922,
            "min": 2525.8283755481243,
            "max": 264981.3134460449,
            "count": 12
        },
        "AgentX.Losses.PolicyLoss.mean": {
            "value": 0.026346260920787852,
            "min": 0.022057521038999158,
            "max": 0.03063472505037983,
            "count": 12
        },
        "AgentX.Losses.PolicyLoss.sum": {
            "value": 0.13173130460393925,
            "min": 0.09625132018700241,
            "max": 0.15317362525189915,
            "count": 12
        },
        "AgentX.Losses.ValueLoss.mean": {
            "value": 411.6603945922851,
            "min": 12.259552264936044,
            "max": 411.6603945922851,
            "count": 12
        },
        "AgentX.Losses.ValueLoss.sum": {
            "value": 2058.3019729614257,
            "min": 49.038209059744176,
            "max": 2058.3019729614257,
            "count": 12
        },
        "AgentX.Policy.LearningRate.mean": {
            "value": 0.0002998264618178461,
            "min": 0.0002998264618178461,
            "max": 0.00029999195317768223,
            "count": 12
        },
        "AgentX.Policy.LearningRate.sum": {
            "value": 0.0014991323090892306,
            "min": 0.0011996092729302423,
            "max": 0.0014998901598366134,
            "count": 12
        },
        "AgentX.Policy.Epsilon.mean": {
            "value": 0.19994215392000006,
            "min": 0.19994215392000006,
            "max": 0.199997317725,
            "count": 12
        },
        "AgentX.Policy.Epsilon.sum": {
            "value": 0.9997107696000003,
            "min": 0.7998697575999999,
            "max": 0.9999633866000001,
            "count": 12
        },
        "AgentX.Policy.Beta.mean": {
            "value": 0.004997113480608,
            "min": 0.004997113480608,
            "max": 0.0049998661544775,
            "count": 12
        },
        "AgentX.Policy.Beta.sum": {
            "value": 0.024985567403039997,
            "min": 0.01999350090424,
            "max": 0.02499817299134,
            "count": 12
        },
        "AgentX.IsTraining.mean": {
            "value": 1.0,
            "min": 1.0,
            "max": 1.0,
            "count": 12
        },
        "AgentX.IsTraining.sum": {
            "value": 1.0,
            "min": 1.0,
            "max": 1.0,
            "count": 12
        }
    },
    "metadata": {
        "timer_format_version": "0.1.0",
        "start_time_seconds": "1750155672",
        "python_version": "3.10.1 (tags/v3.10.1:2cd268a, Dec  6 2021, 19:10:37) [MSC v.1929 64 bit (AMD64)]",
        "command_line_arguments": "C:\\Users\\MehmetAli\\AppData\\Local\\Programs\\Python\\Python310\\Scripts\\mlagents-learn agentX.yaml --run-id=RunName_001",
        "mlagents_version": "1.1.0",
        "mlagents_envs_version": "1.1.0",
        "communication_protocol_version": "1.5.0",
        "pytorch_version": "2.5.1+cu121",
        "numpy_version": "1.23.5",
        "end_time_seconds": "1750157243"
    },
    "total": 1570.6462078000004,
    "count": 1,
    "self": 0.005275100002108957,
    "children": {
        "run_training.setup": {
            "total": 0.07572639999852981,
            "count": 1,
            "self": 0.07572639999852981
        },
        "TrainerController.start_learning": {
            "total": 1570.5652062999998,
            "count": 1,
            "self": 0.25022390004232875,
            "children": {
                "TrainerController._reset_env": {
                    "total": 10.161471100000199,
                    "count": 1,
                    "self": 10.161471100000199
                },
                "TrainerController.advance": {
                    "total": 1559.996982499959,
                    "count": 10274,
                    "self": 0.23835739996138727,
                    "children": {
                        "env_step": {
                            "total": 1357.3380179999767,
                            "count": 10274,
                            "self": 1310.0528113999062,
                            "children": {
                                "SubprocessEnvManager._take_step": {
                                    "total": 47.091808699995454,
                                    "count": 10274,
                                    "self": 0.8069528001542494,
                                    "children": {
                                        "TorchPolicy.evaluate": {
                                            "total": 46.284855899841205,
                                            "count": 9907,
                                            "self": 46.284855899841205
                                        }
                                    }
                                },
                                "workers": {
                                    "total": 0.19339790007506963,
                                    "count": 10273,
                                    "self": 0.0,
                                    "children": {
                                        "worker_root": {
                                            "total": 1556.3022273000915,
                                            "count": 10273,
                                            "is_parallel": true,
                                            "self": 282.3319313000102,
                                            "children": {
                                                "steps_from_proto": {
                                                    "total": 0.025793300001168973,
                                                    "count": 1,
                                                    "is_parallel": true,
                                                    "self": 0.00034869999944930896,