{
    "name": "root",
    "gauges": {
        "AgentX.Policy.Entropy.mean": {
            "value": 1.1545287370681763,
            "min": 1.0732686519622803,
            "max": 1.3705071210861206,
            "count": 13
        },
        "AgentX.Policy.Entropy.sum": {
            "value": 58225.1953125,
            "min": 54683.953125,
            "max": 71748.7890625,
            "count": 13
        },
        "AgentX.Environment.EpisodeLength.mean": {
            "value": 999.0,
            "min": 150.63291139240508,
            "max": 999.0,
            "count": 13
        },
        "AgentX.Environment.EpisodeLength.sum": {
            "value": 42957.0,
            "min": 11900.0,
            "max": 63936.0,
            "count": 13
        },
        "AgentX.Step.mean": {
            "value": 649979.0,
            "min": 49995.0,
            "max": 649979.0,
            "count": 13
        },
        "AgentX.Step.sum": {
            "value": 649979.0,
            "min": 49995.0,
            "max": 649979.0,
            "count": 13
        },
        "AgentX.Policy.ExtrinsicValueEstimate.mean": {
            "value": -1.6022906303405762,
            "min": -1.6300591230392456,
            "max": -1.0351290702819824,
            "count": 13
        },
        "AgentX.Policy.ExtrinsicValueEstimate.sum": {
            "value": -1278.6279296875,
            "min": -1308.9375,
            "max": -848.8058471679688,
            "count": 13
        },
        "AgentX.Environment.CumulativeReward.mean": {
            "value": -17.063930867716323,
            "min": -20.6176585456993,
            "max": -16.74361832220046,
            "count": 13
        },
        "AgentX.Environment.CumulativeReward.sum": {
            "value": -733.7490273118019,
            "min": -1628.7950251102448,
            "max": -560.8487104177475,
            "count": 13
        },
        "AgentX.Policy.ExtrinsicReward.mean": {
            "value": -17.063930867716323,
            "min": -20.6176585456993,
            "max": -16.74361832220046,
            "count": 13
        },
        "AgentX.Policy.ExtrinsicReward.sum": {
            "value": -733.7490273118019,
            "min": -1628.7950251102448,
            "max": -560.8487104177475,
            "count": 13
        },
        "AgentX.Losses.PolicyLoss.mean": {
            "value": 0.024349683080799878,
            "min": 0.020970915559058386,
            "max": 0.02688032237191995,
            "count": 13
        },
        "AgentX.Losses.PolicyLoss.sum": {
            "value": 0.09739873232319951,
            "min": 0.09386763881369861,
            "max": 0.13440161185959976,
            "count": 13
        },
        "AgentX.Losses.ValueLoss.mean": {
            "value": 0.04094129504446755,
            "min": 0.04094129504446755,
            "max": 4.441956954788078,
            "count": 13
        },
        "AgentX.Losses.ValueLoss.sum": {
            "value": 0.1637651801778702,
            "min": 0.1637651801778702,
            "max": 17.767827819152313,
            "count": 13
        },
        "AgentX.Policy.LearningRate.mean": {
            "value": 0.00029981251296249566,
            "min": 0.00029981251296249566,
            "max": 0.00029999197395267534,
            "count": 13
        },
        "AgentX.Policy.LearningRate.sum": {
            "value": 0.0011992500518499827,
            "min": 0.0011992500518499827,
            "max": 0.001499890334736555,
            "count": 13
        },
        "AgentX.Policy.Epsilon.mean": {
            "value": 0.1999375043,
            "min": 0.1999375043,
            "max": 0.19999732465000003,
            "count": 13
        },
        "AgentX.Policy.Epsilon.sum": {
            "value": 0.7997500172,
            "min": 0.7997500172,
            "max": 0.9999634448999997,
            "count": 13
        },
        "AgentX.Policy.Beta.mean": {
            "value": 0.00499688146457,
            "min": 0.00499688146457,
            "max": 0.004999866500035001,
            "count": 13
        },
        "AgentX.Policy.Beta.sum": {
            "value": 0.01998752585828,
            "min": 0.01998752585828,
            "max": 0.02499817590051,
            "count": 13
        },
        "AgentX.IsTraining.mean": {
            "value": 1.0,
            "min": 1.0,
            "max": 1.0,
            "count": 13
        },
        "AgentX.IsTraining.sum": {
            "value": 1.0,
            "min": 1.0,
            "max": 1.0,
            "count": 13
        }
    },
    "metadata": {
        "timer_format_version": "0.1.0",
        "start_time_seconds": "1750423929",
        "python_version": "3.10.1 (tags/v3.10.1:2cd268a, Dec  6 2021, 19:10:37) [MSC v.1929 64 bit (AMD64)]",
        "command_line_arguments": "C:\\Users\\MehmetAli\\AppData\\Local\\Programs\\Python\\Python310\\Scripts\\mlagents-learn agentX.yaml --run-id=RunName_007",
        "mlagents_version": "1.1.0",
        "mlagents_envs_version": "1.1.0",
        "communication_protocol_version": "1.5.0",
        "pytorch_version": "2.5.1+cu121",
        "numpy_version": "1.23.5",
        "end_time_seconds": "1750425647"
    },
    "total": 1717.9983739,
    "count": 1,
    "self": 0.006826199998613447,
    "children": {
        "run_training.setup": {
            "total": 0.08645800000158488,
            "count": 1,
            "self": 0.08645800000158488
        },
        "TrainerController.start_learning": {
            "total": 1717.9050896999997,
            "count": 1,
            "self": 0.2955418998699315,
            "children": {
                "TrainerController._reset_env": {
                    "total": 10.409729900000457,
                    "count": 1,
                    "self": 10.409729900000457
                },
                "TrainerController.advance": {
                    "total": 1707.06081000013,
                    "count": 10342,
                    "self": 0.29770710028788017,
                    "children": {
                        "env_step": {
                            "total": 1483.0828238999766,
                            "count": 10342,
                            "self": 1427.336115899965,
                            "children": {
                                "SubprocessEnvManager._take_step": {
                                    "total": 55.528106600053434,
                                    "count": 10342,
                                    "self": 1.1232785000956937,
                                    "children": {
                                        "TorchPolicy.evaluate": {
                                            "total": 54.40482809995774,
                                            "count": 10232,
                                            "self": 54.40482809995774
                                        }
                                    }
                                },
                                "workers": {
                                    "total": 0.21860139995806094,
                                    "count": 10341,
                                    "self": 0.0,
                                    "children": {
                                        "worker_root": {
                                            "total": 1708.2077800999941,
                                            "count": 10341,
                                            "is_parallel": true,
                                            "self": 317.5065231998906,
                                            "children": {
                                                "steps_from_proto": {
                                                    "total": 0.027806300000520423,
                                                    "count": 1,
                                                    "is_parallel": true,
                                                    "self": 0.0002933999985543778,